Protocollo;Gruppo;DataOraIncidente;Localizzazione1;STRADA1;Localizzazione2;STRADA2;Strada02;Chilometrica;DaSpecificare;NaturaIncidente;particolaritastrade;TipoStrada;FondoStradale;Pavimentazione;Segnaletica;CondizioneAtmosferica;Traffico;Visibilita;Illuminazione;NUM_FERITI;NUM_RISERVATA;NUM_MORTI;NUM_ILLESI;Longitudine;Latitudine;Confermato;Progressivo;TipoVeicolo;StatoVeicolo;TipoPersona;Sesso;Tipolesione;Deceduto;DecedutoDopo;CinturaCascoUtilizzato;Airbag
3205109;7;03/03/2017 07:50;Strada Urbana;VIA PRENESTINA;in prossimità;;del civico n.;944;;Scontro laterale fra veicoli in marcia;Rettilineo;Una carreggiata a doppio senso;Asciutto;Asfaltata;Orizzontale;Sereno;Normale;Sufficiente;Ore Diurne;2;0;0;3;12,59863;41,89365;-1;2;Motociclo a solo;In marcia / fermata / arresto;Passeggero;F;Rimandato;0;NON DECEDUTO;;
3205114;5;05/03/2017 19:50;Strada Urbana;VIA DI ROCCA CENCIA;all'intersezione con;VIA URZULEI;VIA URZULEI;;;Scontro frontale fra veicoli in marcia;Incrocio;Due carreggiate;Asciutto;Asfaltata;Verticale ed orizzontale;Nuvoloso;Scarso;Buona;Sufficiente;1;1;0;1;12,69494;41,88198;-1;1;Autovettura privata;In marcia / fermata / arresto;Conducente;M;Rimandato;0;NON DECEDUTO;Non accertato;
3205114;5;05/03/2017 19:50;Strada Urbana;VIA DI ROCCA CENCIA;all'intersezione con;VIA URZULEI;VIA URZULEI;;;Scontro frontale fra veicoli in marcia;Incrocio;Due carreggiate;Asciutto;Asfaltata;Verticale ed orizzontale;Nuvoloso;Scarso;Buona;Sufficiente;1;1;0;1;12,69494;41,88198;-1;2;Motociclo con passeggero;In marcia / fermata / arresto;Conducente;M;Prognosi riservata;0;NON DECEDUTO;Non accertato;
3205114;5;05/03/2017 19:50;Strada Urbana;VIA DI ROCCA CENCIA;all'intersezione con;VIA URZULEI;VIA URZULEI;;;Scontro frontale fra veicoli in marcia;Incrocio;Due carreggiate;Asciutto;Asfaltata;Verticale ed orizzontale;Nuvoloso;Scarso;Buona;Sufficiente;1;1;0;1;12,69494;41,88198;-1;3;Autovettura privata;In marcia / fermata / arresto;Conducente;F;Illeso;0;;Non accertato;
3205118;7;04/03/2017 22:30;Strada Urbana;VIALE ALESSANDRINO;da specificare;;;;in corrispondenza di Via dei Meli;Scontro frontale/laterale SX fra veicoli in marcia;Rettilineo;Una carreggiata a doppio senso;Bagnato (pioggia);Asfaltata;Verticale ed orizzontale;Nuvoloso;Normale;Buona;Sufficiente;0;0;0;3;12,57727;41,88117;-1;1;Autovettura privata;In marcia / fermata / arresto;Conducente;F;Illeso;0;;Non accertato;Inesploso
3205118;7;04/03/2017 22:30;Strada Urbana;VIALE ALESSANDRINO;da specificare;;;;in corrispondenza di Via dei Meli;Scontro frontale/laterale SX fra veicoli in marcia;Rettilineo;Una carreggiata a doppio senso;Bagnato (pioggia);Asfaltata;Verticale ed orizzontale;Nuvoloso;Normale;Buona;Sufficiente;0;0;0;3;12,57727;41,88117;-1;1;Autovettura privata;In marcia / fermata / arresto;Passeggero;F;Illeso;0;;Non accertato;Inesploso
3205118;7;04/03/2017 22:30;Strada Urbana;VIALE ALESSANDRINO;da specificare;;;;in corrispondenza di Via dei Meli;Scontro frontale/laterale SX fra veicoli in marcia;Rettilineo;Una carreggiata a doppio senso;Bagnato (pioggia);Asfaltata;Verticale ed orizzontale;Nuvoloso;Normale;Buona;Sufficiente;0;0;0;3;12,57727;41,88117;-1;2;Autovettura privata;In marcia / fermata / arresto;Conducente;M;Illeso;0;;Non accertato;Inesploso
3205120;1;04/03/2017 22:25;Strada Urbana;PIAZZA BARBERINI;da specificare;;;;in prossimità VIA QUATTRO FONTANE;Scontro frontale/laterale DX fra veicoli in marcia;Rotatoria;Una carreggiata a senso unico di marcia;Bagnato (umidità in atto);Asfaltata;Verticale ed orizzontale;Nuvoloso;Normale;Sufficiente;Sufficiente;0;0;0;3;12,48849;41,9039;-1;1;Autovettura privata;In marcia / fermata / arresto;Conducente;F;Illeso;0;;;
3205120;1;04/03/2017 22:25;Strada Urbana;PIAZZA BARBERINI;da specificare;;;;in prossimità VIA QUATTRO FONTANE;Scontro frontale/laterale DX fra veicoli in marcia;Rotatoria;Una carreggiata a senso unico di marcia;Bagnato (umidità in atto);Asfaltata;Verticale ed orizzontale;Nuvoloso;Normale;Sufficiente;Sufficiente;0;0;0;3;12,48849;41,9039;-1;2;Motociclo con passeggero;In marcia / fermata / arresto;Conducente;M;Illeso;0;;;
3205120;1;04/03/2017 22:25;Strada Urbana;PIAZZA BARBERINI;da specificare;;;;in prossimità VIA QUATTRO FONTANE;Scontro frontale/laterale DX fra veicoli in marcia;Rotatoria;Una carreggiata a senso unico di marcia;Bagnato (umidità in atto);Asfaltata;Verticale ed orizzontale;Nuvoloso;Normale;Sufficiente;Sufficiente;0;0;0;3;12,48849;41,9039;-1;2;Motociclo con passeggero;In marcia / fermata / arresto;Passeggero;M;Illeso;0;;;
3205129;4;04/03/2017 10:45;Strada Urbana;VIALE VAL PADANA;in prossimità;;del civico n.;126;;Veicolo in marcia contro veicolo in sosta;Rettilineo;Due carreggiate;Asciutto;Asfaltata;Verticale ed orizzontale;Nuvoloso;Scarso;Buona;Ore Diurne;0;0;0;1;12,52203;41,94379;-1;1;Autocarro inferiore 35 q.;In marcia / fermata / arresto;Conducente;M;Illeso;0;;;
3205141;5;03/03/2017 23:15;Strada Urbana;VIA LUDOVICO PASINI;all'intersezione con;VIA DELL'ACQUA MARCIA;VIA DELL'ACQUA MARCIA;;;Scontro frontale/laterale SX fra veicoli in marcia;Incrocio;Una carreggiata a doppio senso;Asciutto;Asfaltata;Verticale ed orizzontale;Sereno;Scarso;Buona;Sufficiente;0;0;0;2;12,55769;41,91799;-1;1;Autovettura privata;In marcia / fermata / arresto;Conducente;M;Illeso;0;;Non accertato;Esploso
3205141;5;03/03/2017 23:15;Strada Urbana;VIA LUDOVICO PASINI;all'intersezione con;VIA DELL'ACQUA MARCIA;VIA DELL'ACQUA MARCIA;;;Scontro frontale/laterale SX fra veicoli in marcia;Incrocio;Una carreggiata a doppio senso;Asciutto;Asfaltata;Verticale ed orizzontale;Sereno;Scarso;Buona;Sufficiente;0;0;0;2;12,55769;41,91799;-1;2;Autovettura privata;In marcia / fermata / arresto;Conducente;M;Illeso;0;;Non accertato;Esploso
3205160;5;03/03/2017 16:30;Strada Urbana;PIAZZA DI S. MARIA CONSOLATRICE;da specificare;;;;in prossimità del civico 3;Tamponamento;Rettilineo;Una carreggiata a doppio senso;Asciutto;Asfaltata;Verticale ed orizzontale;Sereno;Normale;Buona;Ore Diurne;0;0;0;2;12,53569;41,89764;-1;1;Autovettura privata;In marcia / fermata / arresto;Conducente;M;Illeso;0;;Non accertato;Inesploso
3205160;5;03/03/2017 16:30;Strada Urbana;PIAZZA DI S. MARIA CONSOLATRICE;da specificare;;;;in prossimità del civico 3;Tamponamento;Rettilineo;Una carreggiata a doppio senso;Asciutto;Asfaltata;Verticale ed orizzontale;Sereno;Normale;Buona;Ore Diurne;0;0;0;2;12,53569;41,89764;-1;2;Autocarro inferiore 35 q.;In marcia / fermata / arresto;Conducente;M;Illeso;0;;Non accertato;Inesploso
3205163;12;04/03/2017 23:40;Regionale;VIA PONTINA;in prossimità;;della chilometrica;24.2;;Veicolo in marcia contro ostacolo accidentale;Rettilineo;Due carreggiate;Bagnato (umidità in atto);Asfaltata;Verticale ed orizzontale;Nuvoloso;Scarso;Buona;Inesistente;0;0;0;3;12,46347;41,71057;-1;1;Autovettura privata;In marcia / fermata / arresto;Conducente;M;Illeso;0;;Utilizzato;
3205163;12;04/03/2017 23:40;Regionale;VIA PONTINA;in prossimità;;della chilometrica;24.2;;Veicolo in marcia contro ostacolo accidentale;Rettilineo;Due carreggiate;Bagnato (umidità in atto);Asfaltata;Verticale ed orizzontale;Nuvoloso;Scarso;Buona;Inesistente;0;0;0;3;12,46347;41,71057;-1;1;Autovettura privata;In marcia / fermata / arresto;Passeggero;M;Illeso;0;;;
3205163;12;04/03/2017 23:40;Regionale;VIA PONTINA;in prossimità;;della chilometrica;24.2;;Veicolo in marcia contro ostacolo accidentale;Rettilineo;Due carreggiate;Bagnato (umidità in atto);Asfaltata;Verticale ed orizzontale;Nuvoloso;Scarso;Buona;Inesistente;0;0;0;3;12,46347;41,71057;-1;1;Autovettura privata;In marcia / fermata / arresto;Passeggero;F;Illeso;0;;;
3205170;4;04/03/2017 09:20;Strada Urbana;VIA LUCIANO ZUCCOLI;in prossimità;;del civico n.;54;;Tamponamento;Rettilineo;Una carreggiata a senso unico di marcia;Asciutto;Asfaltata;Assente;Sereno;Normale;Buona;Ore Diurne;0;0;0;4;12,54497;41,95036;-1;1;Autovettura privata;In marcia / fermata / arresto;Conducente;F;Illeso;0;;Non accertato;
3205170;4;04/03/2017 09:20;Strada Urbana;VIA LUCIANO ZUCCOLI;in prossimità;;del civico n.;54;;Tamponamento;Rettilineo;Una carreggiata a senso unico di marcia;Asciutto;Asfaltata;Assente;Sereno;Normale;Buona;Ore Diurne;0;0;0;4;12,54497;41,95036;-1;2;Autocarro inferiore 35 q.;In marcia / fermata / arresto;Conducente;M;Illeso;0;;Non accertato;
3205170;4;04/03/2017 09:20;Strada Urbana;VIA LUCIANO ZUCCOLI;in prossimità;;del civico n.;54;;Tamponamento;Rettilineo;Una carreggiata a senso unico di marcia;Asciutto;Asfaltata;Assente;Sereno;Normale;Buona;Ore Diurne;0;0;0;4;12,54497;41,95036;-1;2;Autocarro inferiore 35 q.;In marcia / fermata / arresto;Passeggero;M;Illeso;0;;;
3205170;4;04/03/2017 09:20;Strada Urbana;VIA LUCIANO ZUCCOLI;in prossimità;;del civico n.;54;;Tamponamento;Rettilineo;Una carreggiata a senso unico di marcia;Asciutto;Asfaltata;Assente;Sereno;Normale;Buona;Ore Diurne;0;0;0;4;12,54497;41,95036;-1;2;Autocarro inferiore 35 q.;In marcia / fermata / arresto;Passeggero;M;Illeso;0;;;
3205172;5;03/03/2017 22:09;Strada Urbana;VIA ALBERTO ASQUINI;all'intersezione con;VIA COSTANTINO MORTATI;VIA COSTANTINO MORTATI;;;Scontro frontale/laterale SX fra veicoli in marcia;Incrocio;Due carreggiate;Asciutto;Asfaltata;Verticale ed orizzontale;Sereno;Scarso;Buona;Sufficiente;0;0;0;4;12,58602;41,94653;-1;1;Autovettura privata;In marcia / fermata / arresto;Conducente;M;Illeso;0;;Non accertato;Esploso
3205172;5;03/03/2017 22:09;Strada Urbana;VIA ALBERTO ASQUINI;all'intersezione con;VIA COSTANTINO MORTATI;VIA COSTANTINO MORTATI;;;Scontro frontale/laterale SX fra veicoli in marcia;Incrocio;Due carreggiate;Asciutto;Asfaltata;Verticale ed orizzontale;Sereno;Scarso;Buona;Sufficiente;0;0;0;4;12,58602;41,94653;-1;1;Autovettura privata;In marcia / fermata / arresto;Passeggero;F;Illeso;0;;Non accertato;Esploso
3205172;5;03/03/2017 22:09;Strada Urbana;VIA ALBERTO ASQUINI;all'intersezione con;VIA COSTANTINO MORTATI;VIA COSTANTINO MORTATI;;;Scontro frontale/laterale SX fra veicoli in marcia;Incrocio;Due carreggiate;Asciutto;Asfaltata;Verticale ed orizzontale;Sereno;Scarso;Buona;Sufficiente;0;0;0;4;12,58602;41,94653;-1;2;Autovettura privata;In marcia / fermata / arresto;Conducente;F;Illeso;0;;Non accertato;Inesploso
3205172;5;03/03/2017 22:09;Strada Urbana;VIA ALBERTO ASQUINI;all'intersezione con;VIA COSTANTINO MORTATI;VIA COSTANTINO MORTATI;;;Scontro frontale/laterale SX fra veicoli in marcia;Incrocio;Due carreggiate;Asciutto;Asfaltata;Verticale ed orizzontale;Sereno;Scarso;Buona;Sufficiente;0;0;0;4;12,58602;41,94653;-1;2;Autovettura privata;In marcia / fermata / arresto;Passeggero;M;Illeso;0;;Non accertato;Inesploso
3205175;5;03/03/2017 17:15;Strada Urbana;VIA TIBURTINA;all'intersezione semaforizzata con;VIA DI PORTONACCIO;VIA DI PORTONACCIO;;;Scontro frontale/laterale SX fra veicoli in marcia;Intersezione semaforizzata;Due carreggiate;Asciutto;Asfaltata;Verticale ed orizzontale;Sereno;Intenso;Buona;Ore Diurne;0;0;0;2;12,53443;41,90832;-1;1;Autovettura privata;In marcia / fermata / arresto;Conducente;M;Illeso;0;;Non accertato;Inesploso
3205175;5;03/03/2017 17:15;Strada Urbana;VIA TIBURTINA;all'intersezione semaforizzata con;VIA DI PORTONACCIO;VIA DI PORTONACCIO;;;Scontro frontale/laterale SX fra veicoli in marcia;Intersezione semaforizzata;Due carreggiate;Asciutto;Asfaltata;Verticale ed orizzontale;Sereno;Intenso;Buona;Ore Diurne;0;0;0;2;12,53443;41,90832;-1;2;Autovettura privata;In marcia / fermata / arresto;Conducente;F;Illeso;0;;Non accertato;Inesploso
3205177;4;04/03/2017 22:40;Provinciale;VIA NOMENTANA;in prossimità;;della chilometrica;14.8;;Infortunio per caduta del veicolo;Rettilineo;Una carreggiata a senso unico di marcia;Bagnato (umidità in atto);Asfaltata;Verticale ed orizzontale;Nuvoloso;Scarso;Buona;Sufficiente;1;0;0;0;12,58404;41,95876;-1;1;Motociclo a solo;In marcia / fermata / arresto;Conducente;M;Rimandato;0;NON DECEDUTO;Non accertato;
3205179;5;03/03/2017 08:20;Strada Urbana;VIALE PALMIRO TOGLIATTI;in prossimità;;del civico n.;1621;;Veicolo in marcia contro veicolo fermo;Rettilineo;Due carreggiate;Asciutto;Asfaltata;Orizzontale;Sereno;Normale;Buona;Ore Diurne;0;0;0;2;12,5679;41,91786;-1;1;Autocarro inferiore 35 q.;In marcia / fermata / arresto;Conducente;M;Illeso;0;;Non accertato;Inesploso
3205179;5;03/03/2017 08:20;Strada Urbana;VIALE PALMIRO TOGLIATTI;in prossimità;;del civico n.;1621;;Veicolo in marcia contro veicolo fermo;Rettilineo;Due carreggiate;Asciutto;Asfaltata;Orizzontale;Sereno;Normale;Buona;Ore Diurne;0;0;0;2;12,5679;41,91786;-1;2;Autovettura privata;In marcia / fermata / arresto;Conducente;M;Illeso;0;;Non accertato;Inesploso
3205183;5;03/03/2017 17:00;Strada Urbana;VIA TIBURTINA;da specificare;;;;prossimità civico 1150;Tamponamento Multiplo;Rettilineo;Due carreggiate;Asciutto;Asfaltata;Verticale ed orizzontale;Sereno;Normale;Buona;Ore Diurne;0;0;0;3;12,5731;41,9251;-1;1;Autovettura privata;In marcia / fermata / arresto;Conducente;M;Illeso;0;;Non accertato;Inesploso
3205183;5;03/03/2017 17:00;Strada Urbana;VIA TIBURTINA;da specificare;;;;prossimità civico 1150;Tamponamento Multiplo;Rettilineo;Due carreggiate;Asciutto;Asfaltata;Verticale ed orizzontale;Sereno;Normale;Buona;Ore Diurne;0;0;0;3;12,5731;41,9251;-1;2;Autovettura privata;In marcia / fermata / arresto;Conducente;M;Illeso;0;;Non accertato;Inesploso
3205183;5;03/03/2017 17:00;Strada Urbana;VIA TIBURTINA;da specificare;;;;prossimità civico 1150;Tamponamento Multiplo;Rettilineo;Due carreggiate;Asciutto;Asfaltata;Verticale ed orizzontale;Sereno;Normale;Buona;Ore Diurne;0;0;0;3;12,5731;41,9251;-1;3;Autovettura privata;In marcia / fermata / arresto;Conducente;M;Illeso;0;;Non accertato;Inesploso
3205187;5;03/03/2017 07:15;Strada Urbana;VIA TIBURTINA;in prossimità;;del civico n.;761;;Tamponamento Multiplo;Rettilineo;Due carreggiate;Asciutto;Asfaltata;Verticale;Sereno;Normale;Buona;Ore Diurne;0;0;0;3;12,55542;41,91304;-1;1;Autovettura privata;In marcia / fermata / arresto;Conducente;M;Illeso;0;;Non accertato;Inesploso
3205187;5;03/03/2017 07:15;Strada Urbana;VIA TIBURTINA;in prossimità;;del civico n.;761;;Tamponamento Multiplo;Rettilineo;Due carreggiate;Asciutto;Asfaltata;Verticale;Sereno;Normale;Buona;Ore Diurne;0;0;0;3;12,55542;41,91304;-1;2;Autocarro inferiore 35 q.;In marcia / fermata / arresto;Conducente;M;Illeso;0;;Utilizzato;Inesploso
3205187;5;03/03/2017 07:15;Strada Urbana;VIA TIBURTINA;in prossimità;;del civico n.;761;;Tamponamento Multiplo;Rettilineo;Due carreggiate;Asciutto;Asfaltata;Verticale;Sereno;Normale;Buona;Ore Diurne;0;0;0;3;12,55542;41,91304;-1;3;Autovettura privata;In marcia / fermata / arresto;Conducente;M;Illeso;0;;Non accertato;Inesploso
3205189;1;05/03/2017 17:30;Strada Urbana;VIALE DELLA PIRAMIDE CESTIA;in prossimità;;del civico n.;19;;Tamponamento;Rettilineo;Più di due carreggiate;Asciutto;In cubetti di porfido;Verticale ed orizzontale;Sereno;Scarso;Buona;Ore Diurne;0;0;0;4;12,48318;41,87868;-1;1;Autovettura privata;In marcia / fermata / arresto;Conducente;F;Illeso;0;;;
3205189;1;05/03/2017 17:30;Strada Urbana;VIALE DELLA PIRAMIDE CESTIA;in prossimità;;del civico n.;19;;Tamponamento;Rettilineo;Più di due carreggiate;Asciutto;In cubetti di porfido;Verticale ed orizzontale;Sereno;Scarso;Buona;Ore Diurne;0;0;0;4;12,48318;41,87868;-1;2;Autovettura privata;In marcia / fermata / arresto;Conducente;M;Illeso;0;;;
3205189;1;05/03/2017 17:30;Strada Urbana;VIALE DELLA PIRAMIDE CESTIA;in prossimità;;del civico n.;19;;Tamponamento;Rettilineo;Più di due carreggiate;Asciutto;In cubetti di porfido;Verticale ed orizzontale;Sereno;Scarso;Buona;Ore Diurne;0;0;0;4;12,48318;41,87868;-1;2;Autovettura privata;In marcia / fermata / arresto;Passeggero;F;Illeso;0;;;
3205189;1;05/03/2017 17:30;Strada Urbana;VIALE DELLA PIRAMIDE CESTIA;in prossimità;;del civico n.;19;;Tamponamento;Rettilineo;Più di due carreggiate;Asciutto;In cubetti di porfido;Verticale ed orizzontale;Sereno;Scarso;Buona;Ore Diurne;0;0;0;4;12,48318;41,87868;-1;2;Autovettura privata;In marcia / fermata / arresto;Passeggero;M;Illeso;0;;;
3205193;5;03/03/2017 10:50;Strada Urbana;VIA GIOVANNI PALOMBINI;da specificare;;;;prox via Casal dei Pazzi;Tamponamento;Rettilineo;Una carreggiata a senso unico di marcia;Asciutto;Asfaltata;Verticale ed orizzontale;Sereno;Normale;Buona;Ore Diurne;1;0;0;1;12,5683;41,92845;-1;1;Autovettura privata;In marcia / fermata / arresto;Conducente;F;Rimandato;0;NON DECEDUTO;Non accertato;Inesploso
3205193;5;03/03/2017 10:50;Strada Urbana;VIA GIOVANNI PALOMBINI;da specificare;;;;prox via Casal dei Pazzi;Tamponamento;Rettilineo;Una carreggiata a senso unico di marcia;Asciutto;Asfaltata;Verticale ed orizzontale;Sereno;Normale;Buona;Ore Diurne;1;0;0;1;12,5683;41,92845;-1;2;Autovettura privata;In marcia / fermata / arresto;Conducente;F;Illeso;0;;Non accertato;Inesploso
3205196;12;04/03/2017 18:45;Strada Urbana;VIA ANDREA MILLEVOI;in prossimità;;del civico n.;401;;Scontro frontale fra veicoli in marcia;Rettilineo;Una carreggiata a doppio senso;Bagnato (pioggia);Asfaltata;Verticale ed orizzontale;Pioggia in atto;Normale;Sufficiente;Sufficiente;1;0;0;1;12,51736;41,82068;-1;1;Motociclo a solo;In marcia / fermata / arresto;Conducente;M;Ricoverato;0;NON DECEDUTO;Non accertato;
3205196;12;04/03/2017 18:45;Strada Urbana;VIA ANDREA MILLEVOI;in prossimità;;del civico n.;401;;Scontro frontale fra veicoli in marcia;Rettilineo;Una carreggiata a doppio senso;Bagnato (pioggia);Asfaltata;Verticale ed orizzontale;Pioggia in atto;Normale;Sufficiente;Sufficiente;1;0;0;1;12,51736;41,82068;-1;2;Autovettura privata;In marcia / fermata / arresto;Conducente;M;Illeso;0;;Non accertato;Inesploso
3205198;5;03/03/2017 19:15;Strada Urbana;VIA TIBURTINA;da specificare;;;;prossimità civico 634;Tamponamento;Rettilineo;Due carreggiate;Asciutto;Asfaltata;Orizzontale;Sereno;Normale;Sufficiente;Sufficiente;2;0;0;2;12,54724;41,90957;-1;;;;Pedone;F;Rimandato;0;NON DECEDUTO;;
3205198;5;03/03/2017 19:15;Strada Urbana;VIA TIBURTINA;da specificare;;;;prossimità civico 634;Tamponamento;Rettilineo;Due carreggiate;Asciutto;Asfaltata;Orizzontale;Sereno;Normale;Sufficiente;Sufficiente;2;0;0;2;12,54724;41,90957;-1;1;Autovettura privata;In marcia / fermata / arresto;Conducente;M;Illeso;0;;Non accertato;Inesploso
3205198;5;03/03/2017 19:15;Strada Urbana;VIA TIBURTINA;da specificare;;;;prossimità civico 634;Tamponamento;Rettilineo;Due carreggiate;Asciutto;Asfaltata;Orizzontale;Sereno;Normale;Sufficiente;Sufficiente;2;0;0;2;12,54724;41,90957;-1;1;Autovettura privata;In marcia / fermata / arresto;Passeggero;F;Illeso;0;;Non accertato;Inesploso
3205198;5;03/03/2017 19:15;Strada Urbana;VIA TIBURTINA;da specificare;;;;prossimità civico 634;Tamponamento;Rettilineo;Due carreggiate;Asciutto;Asfaltata;Orizzontale;Sereno;Normale;Sufficiente;Sufficiente;2;0;0;2;12,54724;41,90957;-1;2;Autovettura privata;In marcia / fermata / arresto;Conducente;M;Rimandato;0;NON DECEDUTO;Non accertato;Inesistente
3205201;4;04/03/2017 11:15;Strada Urbana;VIA ISOLA BELLA;in corrispondenza;;del civico n.;62;;Scontro frontale/laterale SX fra veicoli in marcia;Rettilineo;Una carreggiata a doppio senso;Asciutto;Asfaltata;Assente;Nuvoloso;Scarso;Buona;Ore Diurne;1;0;0;2;12,53945;41,93967;-1;1;Autovettura privata;In marcia / fermata / arresto;Conducente;M;Rimandato;0;NON DECEDUTO;;Esploso
3205201;4;04/03/2017 11:15;Strada Urbana;VIA ISOLA BELLA;in corrispondenza;;del civico n.;62;;Scontro frontale/laterale SX fra veicoli in marcia;Rettilineo;Una carreggiata a doppio senso;Asciutto;Asfaltata;Assente;Nuvoloso;Scarso;Buona;Ore Diurne;1;0;0;2;12,53945;41,93967;-1;2;Autovettura privata;In marcia / fermata / arresto;Conducente;M;Illeso;0;;;Inesploso
3205201;4;04/03/2017 11:15;Strada Urbana;VIA ISOLA BELLA;in corrispondenza;;del civico n.;62;;Scontro frontale/laterale SX fra veicoli in marcia;Rettilineo;Una carreggiata a doppio senso;Asciutto;Asfaltata;Assente;Nuvoloso;Scarso;Buona;Ore Diurne;1;0;0;2;12,53945;41,93967;-1;2;Autovettura privata;In marcia / fermata / arresto;Passeggero;M;Illeso;0;;;Inesploso
3205206;4;05/03/2017 06:45;Statale entro l'abitato;VIA SALARIA;in corrispondenza;;del civico n.;1279;;Veicolo in marcia contro ostacolo fisso;Rettilineo;Due carreggiate;Bagnato (pioggia);Asfaltata;Orizzontale;Pioggia in atto;Scarso;Sufficiente;Ore Diurne;1;0;0;0;12,5155;41,995;-1;1;Autovettura privata;In marcia / fermata / arresto;Conducente;F;Rimandato;0;NON DECEDUTO;Non accertato;Inesploso
3205212;20;06/03/2017 08:50;Regionale entro l'abitato;VIA CASSIA;all'intersezione con;VIA FRATELLI DURANTE;VIA FRATELLI DURANTE;;;Scontro frontale/laterale DX fra veicoli in marcia;Incrocio;Una carreggiata a doppio senso;Asciutto;Asfaltata;Verticale ed orizzontale;Sereno;Normale;Buona;Ore Diurne;2;0;0;1;12,41323;41,98292;-1;1;Motociclo con passeggero;In marcia / fermata / arresto;Conducente;M;Rimandato;0;NON DECEDUTO;Non accertato;
3205212;20;06/03/2017 08:50;Regionale entro l'abitato;VIA CASSIA;all'intersezione con;VIA FRATELLI DURANTE;VIA FRATELLI DURANTE;;;Scontro frontale/laterale DX fra veicoli in marcia;Incrocio;Una carreggiata a doppio senso;Asciutto;Asfaltata;Verticale ed orizzontale;Sereno;Normale;Buona;Ore Diurne;2;0;0;1;12,41323;41,98292;-1;1;Motociclo con passeggero;In marcia / fermata / arresto;Passeggero;M;Rimandato;0;NON DECEDUTO;Non accertato;
3205212;20;06/03/2017 08:50;Regionale entro l'abitato;VIA CASSIA;all'intersezione con;VIA FRATELLI DURANTE;VIA FRATELLI DURANTE;;;Scontro frontale/laterale DX fra veicoli in marcia;Incrocio;Una carreggiata a doppio senso;Asciutto;Asfaltata;Verticale ed orizzontale;Sereno;Normale;Buona;Ore Diurne;2;0;0;1;12,41323;41,98292;-1;2;Autovettura privata;In marcia / fermata / arresto;Conducente;M;Illeso;0;;Non accertato;Inesploso
3205220;5;04/03/2017 10:00;Strada Urbana;VIALE PALMIRO TOGLIATTI;da specificare;;;;prossimità civico 1499;Veicolo in marcia contro veicolo in sosta;Rettilineo;Due carreggiate;Asciutto;Asfaltata;Verticale ed orizzontale;Sereno;Normale;Buona;Ore Diurne;0;0;0;4;12,57337;41,88719;-1;1;Autovettura privata;In marcia / fermata / arresto;Conducente;M;Illeso;0;;Non accertato;Inesploso
3205220;5;04/03/2017 10:00;Strada Urbana;VIALE PALMIRO TOGLIATTI;da specificare;;;;prossimità civico 1499;Veicolo in marcia contro veicolo in sosta;Rettilineo;Due carreggiate;Asciutto;Asfaltata;Verticale ed orizzontale;Sereno;Normale;Buona;Ore Diurne;0;0;0;4;12,57337;41,88719;-1;1;Autovettura privata;In marcia / fermata / arresto;Passeggero;M;Illeso;0;;Non accertato;Inesploso
3205220;5;04/03/2017 10:00;Strada Urbana;VIALE PALMIRO TOGLIATTI;da specificare;;;;prossimità civico 1499;Veicolo in marcia contro veicolo in sosta;Rettilineo;Due carreggiate;Asciutto;Asfaltata;Verticale ed orizzontale;Sereno;Normale;Buona;Ore Diurne;0;0;0;4;12,57337;41,88719;-1;1;Autovettura privata;In marcia / fermata / arresto;Passeggero;M;Illeso;0;;Non accertato;Inesploso
3205220;5;04/03/2017 10:00;Strada Urbana;VIALE PALMIRO TOGLIATTI;da specificare;;;;prossimità civico 1499;Veicolo in marcia contro veicolo in sosta;Rettilineo;Due carreggiate;Asciutto;Asfaltata;Verticale ed orizzontale;Sereno;Normale;Buona;Ore Diurne;0;0;0;4;12,57337;41,88719;-1;2;Autovettura privata;Sosta;Passeggero;M;Illeso;0;;Non accertato;Inesploso
3205224;1;05/03/2017 01:35;Strada Urbana;VIA DEGLI ACQUASPARTA;in corrispondenza;;del civico n.;26;;Veicolo in marcia contro veicolo in sosta;Rettilineo;Una carreggiata a doppio senso;Asciutto;In cubetti di porfido;Verticale ed orizzontale;Nuvoloso;Scarso;Sufficiente;Sufficiente;0;0;0;1;12,47139;41,90171;-1;1;Autovettura privata;In marcia / fermata / arresto;Conducente;M;Illeso;0;;;
3205237;12;05/03/2017 19:50;Strada Urbana;VIA CRISTOFORO COLOMBO;da specificare;;;;altezza palo Acea 538;Tamponamento Multiplo;Rettilineo;Due carreggiate;Asciutto;Asfaltata;Verticale ed orizzontale;Sereno;Intenso;Buona;Sufficiente;6;0;0;3;12,32011;43,15759;-1;1;Autovettura privata;In marcia / fermata / arresto;Conducente;M;Rimandato;0;NON DECEDUTO;Utilizzato;Inesploso
3205237;12;05/03/2017 19:50;Strada Urbana;VIA CRISTOFORO COLOMBO;da specificare;;;;altezza palo Acea 538;Tamponamento Multiplo;Rettilineo;Due carreggiate;Asciutto;Asfaltata;Verticale ed orizzontale;Sereno;Intenso;Buona;Sufficiente;6;0;0;3;12,32011;43,15759;-1;1;Autovettura privata;In marcia / fermata / arresto;Passeggero;F;Illeso;0;;Utilizzato;Inesploso
3205237;12;05/03/2017 19:50;Strada Urbana;VIA CRISTOFORO COLOMBO;da specificare;;;;altezza palo Acea 538;Tamponamento Multiplo;Rettilineo;Due carreggiate;Asciutto;Asfaltata;Verticale ed orizzontale;Sereno;Intenso;Buona;Sufficiente;6;0;0;3;12,32011;43,15759;-1;1;Autovettura privata;In marcia / fermata / arresto;Passeggero;M;Rimandato;0;NON DECEDUTO;Utilizzato;Inesploso