Protocollo;Gruppo;DataOraIncidente;Localizzazione1;STRADA1;Localizzazione2;STRADA2;Strada02;Chilometrica;DaSpecificare;NaturaIncidente;particolaritastrade;TipoStrada;FondoStradale;Pavimentazione;Segnaletica;CondizioneAtmosferica;Traffico;Visibilita;Illuminazione;NUM_FERITI;NUM_RISERVATA;NUM_MORTI;NUM_ILLESI;Longitudine;Latitudine;Confermato;Progressivo;TipoVeicolo;StatoVeicolo;TipoPersona;Sesso;Tipolesione;Deceduto;DecedutoDopo;CinturaCascoUtilizzato;Airbag
3217058;1;11/03/2017 01:50;Strada Urbana;VIA ABRUZZI;all'intersezione con;VIA SICILIA;VIA SICILIA;;;Scontro frontale/laterale DX fra veicoli in marcia;Incrocio;Una carreggiata a senso unico di marcia;Asciutto;Asfaltata;Verticale ed orizzontale;Sereno;Scarso;Buona;Sufficiente;2;0;0;1;12,49251;41,90897;-1;2;Autovettura privata;In marcia / fermata / arresto;Conducente;M;Rifiuta cure immediate;0;NON DECEDUTO;Non accertato;Esploso
3217058;1;11/03/2017 01:50;Strada Urbana;VIA ABRUZZI;all'intersezione con;VIA SICILIA;VIA SICILIA;;;Scontro frontale/laterale DX fra veicoli in marcia;Incrocio;Una carreggiata a senso unico di marcia;Asciutto;Asfaltata;Verticale ed orizzontale;Sereno;Scarso;Buona;Sufficiente;2;0;0;1;12,49251;41,90897;-1;2;Autovettura privata;In marcia / fermata / arresto;Passeggero;F;Rifiuta cure immediate;0;NON DECEDUTO;Non accertato;Inesploso
3217064;8;13/03/2017 19:00;Strada Urbana;VIALE DI TORRE MAURA;all'intersezione semaforizzata con;VIA DELLE GHIANDAIE;VIA DELLE GHIANDAIE;;;Veicolo in marcia contro ostacolo accidentale;Intersezione semaforizzata;Due carreggiate;Asciutto;Asfaltata;Verticale ed orizzontale;Sereno;Normale;Sufficiente;Sufficiente;0;0;0;1;12,59222;41,86023;-1;1;Autovettura privata;In marcia / fermata / arresto;Conducente;M;Illeso;0;;Non accertato;Inesploso
3217065;13;12/03/2017 12:00;Strada Urbana;PIAZZALE MAGELLANO;da specificare;;;;area parcheggio;Veicolo in marcia contro veicoli in sosta;Rettilineo;Una carreggiata a senso unico di marcia;Asciutto;Asfaltata;Orizzontale;Sereno;Normale;Buona;Ore Diurne;0;0;0;1;12,28899;41,72573;-1;2;Autocaravan;In marcia / fermata / arresto;Conducente;M;Illeso;0;;Non accertato;
3217068;15;13/03/2017 19:15;Strada Urbana;VIA DEGLI ADIMARI;in corrispondenza;;del civico n.;118;;Veicolo in marcia contro ostacolo accidentale;Rettilineo;Una carreggiata a senso unico di marcia;Asciutto;Asfaltata;Orizzontale;Sereno;Normale;Buona;Sufficiente;0;0;0;1;12,42568;41,85383;-1;1;Autovettura privata;In marcia / fermata / arresto;Conducente;M;Illeso;0;;Utilizzato;Inesploso
3217069;9;13/03/2017 13:45;Strada Urbana;VIALE DELLE MURA LATINE;all'intersezione con;VIA DI PORTA LATINA;VIA DI PORTA LATINA;;;Veicolo in marcia contro ostacolo fisso;Incrocio;Una carreggiata a senso unico di marcia;Asciutto;Asfaltata;Assente;Sereno;Scarso;Buona;Ore Diurne;0;0;0;1;12,50302;41,8752;-1;1;Motociclo a solo;In marcia / fermata / arresto;Conducente;M;Illeso;0;;Non accertato;
3217072;8;13/03/2017 06:00;Strada Urbana;VIALE DUILIO CAMBELLOTTI;in prossimità;;del civico n.;80;;Veicolo in marcia contro ostacolo accidentale;Rettilineo;Due carreggiate;Asciutto;Asfaltata;Verticale ed orizzontale;Sereno;Normale;Buona;Ore Diurne;0;0;0;1;12,63257;41,86984;-1;1;Autovettura privata;In marcia / fermata / arresto;Conducente;F;Illeso;0;;Non accertato;Inesploso
3217073;8;13/03/2017 12:00;Strada Urbana;VIA DEL TORRACCIO DI TORRENOVA;in prossimità;;del civico n.;159;;Investimento di pedone;Rettilineo;Una carreggiata a doppio senso;Asciutto;Asfaltata;Verticale;Sereno;Normale;Buona;Ore Diurne;1;0;0;1;12,62224;41,87121;-1;;;;Pedone;M;Rimandato;0;NON DECEDUTO;;
3217073;8;13/03/2017 12:00;Strada Urbana;VIA DEL TORRACCIO DI TORRENOVA;in prossimità;;del civico n.;159;;Investimento di pedone;Rettilineo;Una carreggiata a doppio senso;Asciutto;Asfaltata;Verticale;Sereno;Normale;Buona;Ore Diurne;1;0;0;1;12,62224;41,87121;-1;1;Autovettura privata;In marcia / fermata / arresto;Conducente;F;Illeso;0;;Non accertato;Inesploso
3217076;8;13/03/2017 08:40;Statale entro l'abitato;VIALE DELLA SORBONA;all'intersezione con;VIA COLUMBIA;VIA COLUMBIA;;;Scontro laterale fra veicoli in marcia;Rotatoria;Più di due carreggiate;Asciutto;Asfaltata;Orizzontale;Sereno;Intenso;Buona;Ore Diurne;0;0;0;2;12,61646;41,85594;-1;1;Autovettura privata;In marcia / fermata / arresto;Conducente;M;Illeso;0;;;
3217076;8;13/03/2017 08:40;Statale entro l'abitato;VIALE DELLA SORBONA;all'intersezione con;VIA COLUMBIA;VIA COLUMBIA;;;Scontro laterale fra veicoli in marcia;Rotatoria;Più di due carreggiate;Asciutto;Asfaltata;Orizzontale;Sereno;Intenso;Buona;Ore Diurne;0;0;0;2;12,61646;41,85594;-1;2;Autovettura privata;In marcia / fermata / arresto;Conducente;M;Illeso;0;;;
3217085;13;13/03/2017 07:40;Strada Urbana;VIA GAETANO LATILLA;all'intersezione con;VIA FRANCESCO MORLACCHI;VIA FRANCESCO MORLACCHI;;;Scontro frontale/laterale SX fra veicoli in marcia;Incrocio;Una carreggiata a doppio senso;Asciutto;Asfaltata;Assente;Sereno;Scarso;Insufficiente;Ore Diurne;0;0;0;2;12,37066;41,74297;-1;1;Quadriciclo leggero;In marcia / fermata / arresto;Conducente;M;Illeso;0;;Non accertato;Inesploso
3217085;13;13/03/2017 07:40;Strada Urbana;VIA GAETANO LATILLA;all'intersezione con;VIA FRANCESCO MORLACCHI;VIA FRANCESCO MORLACCHI;;;Scontro frontale/laterale SX fra veicoli in marcia;Incrocio;Una carreggiata a doppio senso;Asciutto;Asfaltata;Assente;Sereno;Scarso;Insufficiente;Ore Diurne;0;0;0;2;12,37066;41,74297;-1;2;Autovettura privata;In marcia / fermata / arresto;Conducente;F;Illeso;0;;Non accertato;Inesploso
3217090;13;13/03/2017 10:50;Strada Urbana;VIA ISOLE DEL CAPO VERDE;in corrispondenza;;del civico n.;210;;Scontro frontale/laterale DX fra veicoli in marcia;Rettilineo;Due carreggiate;Asciutto;Asfaltata;Orizzontale;Sereno;Scarso;Buona;Ore Diurne;0;0;0;2;12,27349;41,73825;-1;1;Autovettura privata;In marcia / fermata / arresto;Conducente;F;Illeso;0;;Non accertato;Inesploso
3217090;13;13/03/2017 10:50;Strada Urbana;VIA ISOLE DEL CAPO VERDE;in corrispondenza;;del civico n.;210;;Scontro frontale/laterale DX fra veicoli in marcia;Rettilineo;Due carreggiate;Asciutto;Asfaltata;Orizzontale;Sereno;Scarso;Buona;Ore Diurne;0;0;0;2;12,27349;41,73825;-1;2;Autovettura privata;In marcia / fermata / arresto;Conducente;F;Illeso;0;;Non accertato;Inesploso
3217092;7;13/03/2017 10:30;Strada Urbana;VIA GIORGIO BONELLI;in corrispondenza;;del civico n.;41;;Veicolo in marcia contro veicolo in sosta;Rettilineo;Una carreggiata a senso unico di marcia;Asciutto;Asfaltata;Verticale ed orizzontale;Sereno;Scarso;Buona;Ore Diurne;0;0;0;1;12,57473;41,87285;-1;1;Autovettura privata;In marcia / fermata / arresto;Conducente;M;Illeso;0;;Non accertato;Inesploso
3217096;20;13/03/2017 12:30;Provinciale entro l'abitato;VIA CASSIA;in corrispondenza;;del civico n.;328;;Tamponamento Multiplo;Rettilineo;Una carreggiata a doppio senso;Asciutto;Asfaltata;Verticale ed orizzontale;Sereno;Normale;Buona;Ore Diurne;0;0;0;4;12,45628;41,95351;-1;1;Autovettura privata;In marcia / fermata / arresto;Conducente;M;Illeso;0;;Non accertato;
3217096;20;13/03/2017 12:30;Provinciale entro l'abitato;VIA CASSIA;in corrispondenza;;del civico n.;328;;Tamponamento Multiplo;Rettilineo;Una carreggiata a doppio senso;Asciutto;Asfaltata;Verticale ed orizzontale;Sereno;Normale;Buona;Ore Diurne;0;0;0;4;12,45628;41,95351;-1;2;Autovettura privata;In marcia / fermata / arresto;Conducente;F;Illeso;0;;;
3217096;20;13/03/2017 12:30;Provinciale entro l'abitato;VIA CASSIA;in corrispondenza;;del civico n.;328;;Tamponamento Multiplo;Rettilineo;Una carreggiata a doppio senso;Asciutto;Asfaltata;Verticale ed orizzontale;Sereno;Normale;Buona;Ore Diurne;0;0;0;4;12,45628;41,95351;-1;3;Autovettura privata;In marcia / fermata / arresto;Conducente;F;Illeso;0;;;
3217096;20;13/03/2017 12:30;Provinciale entro l'abitato;VIA CASSIA;in corrispondenza;;del civico n.;328;;Tamponamento Multiplo;Rettilineo;Una carreggiata a doppio senso;Asciutto;Asfaltata;Verticale ed orizzontale;Sereno;Normale;Buona;Ore Diurne;0;0;0;4;12,45628;41,95351;-1;4;Autovettura privata;In marcia / fermata / arresto;Conducente;F;Illeso;0;;;
3217105;9;13/03/2017 00:05;;PIAZZA CESARE CANTU';in corrispondenza;;del civico n.;21;;Veicolo in marcia contro veicolo in sosta;;;;;;;;;;0;0;0;1;;;0;2;Autovettura privata;In marcia / fermata / arresto;Conducente;M;Illeso;0;;Non accertato;Inesploso
3217109;1;12/03/2017 04:00;Strada Urbana;PIAZZA DI PORTA S. PAOLO;in corrispondenza;;del civico n.;11;;Scontro laterale fra veicoli in marcia;Rettilineo;Una carreggiata a senso unico di marcia;Asciutto;Acciotolata;Verticale ed orizzontale;Sereno;Scarso;Sufficiente;Insufficiente;0;0;0;3;12,48193;41,87703;-1;1;Autovettura privata;In marcia / fermata / arresto;Conducente;F;Illeso;0;;;
3217109;1;12/03/2017 04:00;Strada Urbana;PIAZZA DI PORTA S. PAOLO;in corrispondenza;;del civico n.;11;;Scontro laterale fra veicoli in marcia;Rettilineo;Una carreggiata a senso unico di marcia;Asciutto;Acciotolata;Verticale ed orizzontale;Sereno;Scarso;Sufficiente;Insufficiente;0;0;0;3;12,48193;41,87703;-1;2;Autovettura privata;In marcia / fermata / arresto;Conducente;M;Illeso;0;;;
3217109;1;12/03/2017 04:00;Strada Urbana;PIAZZA DI PORTA S. PAOLO;in corrispondenza;;del civico n.;11;;Scontro laterale fra veicoli in marcia;Rettilineo;Una carreggiata a senso unico di marcia;Asciutto;Acciotolata;Verticale ed orizzontale;Sereno;Scarso;Sufficiente;Insufficiente;0;0;0;3;12,48193;41,87703;-1;2;Autovettura privata;In marcia / fermata / arresto;Passeggero;M;Illeso;0;;;
3217124;9;13/03/2017 21:20;Strada Urbana;PIAZZALE APPIO;all'intersezione con;VIALE CASTRENSE;VIALE CASTRENSE;;;Scontro frontale/laterale SX fra veicoli in marcia;Intersezione semaforizzata;Una carreggiata a senso unico di marcia;Asciutto;Asfaltata;Verticale ed orizzontale;Sereno;Normale;Buona;Sufficiente;1;0;0;1;12,50967;41,88578;-1;1;Autovettura privata;In marcia / fermata / arresto;Conducente;F;Illeso;0;;Non accertato;Inesploso
3217124;9;13/03/2017 21:20;Strada Urbana;PIAZZALE APPIO;all'intersezione con;VIALE CASTRENSE;VIALE CASTRENSE;;;Scontro frontale/laterale SX fra veicoli in marcia;Intersezione semaforizzata;Una carreggiata a senso unico di marcia;Asciutto;Asfaltata;Verticale ed orizzontale;Sereno;Normale;Buona;Sufficiente;1;0;0;1;12,50967;41,88578;-1;2;Motociclo a solo;In marcia / fermata / arresto;Conducente;F;Rimandato;0;NON DECEDUTO;Non accertato;
3217130;19;13/03/2017 13:10;Strada Urbana;VIA DI TORREVECCHIA;in prossimità;;del civico n.;552;;Scontro laterale fra veicoli in marcia;Rettilineo;Una carreggiata a doppio senso;Asciutto;Asfaltata;Orizzontale;Sereno;Normale;Buona;Ore Diurne;1;0;0;1;12,41288;41,92399;-1;1;Ciclomotore;In marcia / fermata / arresto;Conducente;M;Rimandato;0;NON DECEDUTO;Non accertato;
3217130;19;13/03/2017 13:10;Strada Urbana;VIA DI TORREVECCHIA;in prossimità;;del civico n.;552;;Scontro laterale fra veicoli in marcia;Rettilineo;Una carreggiata a doppio senso;Asciutto;Asfaltata;Orizzontale;Sereno;Normale;Buona;Ore Diurne;1;0;0;1;12,41288;41,92399;-1;2;Autovettura privata;In marcia / fermata / arresto;Conducente;F;Illeso;0;;Non accertato;Inesploso
3217134;20;13/03/2017 12:00;Strada Urbana;VIA DEL FORO ITALICO;da specificare;;;;rampa immissione Foro Italico direzione  Salaria;Veicolo in marcia contro ostacolo accidentale;Curva senza visuale libera;Una carreggiata a senso unico di marcia;Asciutto;Asfaltata;Orizzontale;Sereno;Normale;Buona;Ore Diurne;0;0;0;1;12,48375;41,93991;-1;1;Autovettura privata;In marcia / fermata / arresto;Conducente;M;Illeso;0;;Non accertato;Inesploso
3217142;12;13/03/2017 17:05;Strada Urbana;VIA TOMMASO ARCIDIACONO;all'intersezione con;VIA ANDREA MELDOLA;VIA ANDREA MELDOLA;;;Scontro frontale/laterale DX fra veicoli in marcia;Intersezione stradale segnalata;Una carreggiata a doppio senso;Asciutto;Asfaltata;Verticale ed orizzontale;Sereno;Normale;Sufficiente;Ore Diurne;0;0;0;2;12,50879;41,82292;-1;1;Autovettura privata;In marcia / fermata / arresto;Conducente;M;Illeso;0;;;
3217142;12;13/03/2017 17:05;Strada Urbana;VIA TOMMASO ARCIDIACONO;all'intersezione con;VIA ANDREA MELDOLA;VIA ANDREA MELDOLA;;;Scontro frontale/laterale DX fra veicoli in marcia;Intersezione stradale segnalata;Una carreggiata a doppio senso;Asciutto;Asfaltata;Verticale ed orizzontale;Sereno;Normale;Sufficiente;Ore Diurne;0;0;0;2;12,50879;41,82292;-1;2;Autovettura privata;In marcia / fermata / arresto;Conducente;F;Illeso;0;;;
3217161;1;09/03/2017 11:50;Strada Urbana;LUNGOTEVERE RIPA;all'intersezione con;VIA RIPENSE;VIA RIPENSE;;;Tamponamento;Incrocio;Una carreggiata a senso unico di marcia;Asciutto;Asfaltata;Verticale ed orizzontale;Sereno;Normale;Buona;Ore Diurne;1;0;0;1;12,47882;41,88783;-1;1;Motociclo a solo;In marcia / fermata / arresto;Conducente;F;Rimandato;0;NON DECEDUTO;Non accertato;
3217161;1;09/03/2017 11:50;Strada Urbana;LUNGOTEVERE RIPA;all'intersezione con;VIA RIPENSE;VIA RIPENSE;;;Tamponamento;Incrocio;Una carreggiata a senso unico di marcia;Asciutto;Asfaltata;Verticale ed orizzontale;Sereno;Normale;Buona;Ore Diurne;1;0;0;1;12,47882;41,88783;-1;2;Autovettura privata;In marcia / fermata / arresto;Conducente;M;Illeso;0;;Non accertato;Inesploso
3217163;13;13/03/2017 10:20;Strada Urbana;VIA DI DRAGONE;da specificare;;;;raccordo tra V. Lenormant a V. di Dragone;Scontro frontale/laterale DX fra veicoli in marcia;Curva a visuale libera;Una carreggiata a doppio senso;Asciutto;Asfaltata;Orizzontale;Sereno;Normale;Buona;Ore Diurne;0;0;0;5;12,33258;41,78343;-1;1;Autovettura privata;In marcia / fermata / arresto;Conducente;F;Illeso;0;;Non accertato;Inesploso
3217163;13;13/03/2017 10:20;Strada Urbana;VIA DI DRAGONE;da specificare;;;;raccordo tra V. Lenormant a V. di Dragone;Scontro frontale/laterale DX fra veicoli in marcia;Curva a visuale libera;Una carreggiata a doppio senso;Asciutto;Asfaltata;Orizzontale;Sereno;Normale;Buona;Ore Diurne;0;0;0;5;12,33258;41,78343;-1;1;Autovettura privata;In marcia / fermata / arresto;Passeggero;F;Illeso;0;;Non accertato;Inesploso
3217163;13;13/03/2017 10:20;Strada Urbana;VIA DI DRAGONE;da specificare;;;;raccordo tra V. Lenormant a V. di Dragone;Scontro frontale/laterale DX fra veicoli in marcia;Curva a visuale libera;Una carreggiata a doppio senso;Asciutto;Asfaltata;Orizzontale;Sereno;Normale;Buona;Ore Diurne;0;0;0;5;12,33258;41,78343;-1;1;Autovettura privata;In marcia / fermata / arresto;Passeggero;M;Illeso;0;;Non accertato;Inesploso
3217163;13;13/03/2017 10:20;Strada Urbana;VIA DI DRAGONE;da specificare;;;;raccordo tra V. Lenormant a V. di Dragone;Scontro frontale/laterale DX fra veicoli in marcia;Curva a visuale libera;Una carreggiata a doppio senso;Asciutto;Asfaltata;Orizzontale;Sereno;Normale;Buona;Ore Diurne;0;0;0;5;12,33258;41,78343;-1;2;Autovettura privata;In marcia / fermata / arresto;Conducente;M;Illeso;0;;Non accertato;Inesploso
3217163;13;13/03/2017 10:20;Strada Urbana;VIA DI DRAGONE;da specificare;;;;raccordo tra V. Lenormant a V. di Dragone;Scontro frontale/laterale DX fra veicoli in marcia;Curva a visuale libera;Una carreggiata a doppio senso;Asciutto;Asfaltata;Orizzontale;Sereno;Normale;Buona;Ore Diurne;0;0;0;5;12,33258;41,78343;-1;2;Autovettura privata;In marcia / fermata / arresto;Passeggero;F;Illeso;0;;Non accertato;Inesploso
3217166;11;13/03/2017 11:45;Strada Urbana;VIA CRISTOFORO COLOMBO;all'intersezione semaforizzata con;VIA OROPA;VIA OROPA;;;Scontro frontale/laterale DX fra veicoli in marcia;Intersezione semaforizzata;Più di due carreggiate;Asciutto;Asfaltata;Verticale ed orizzontale;Sereno;Normale;Buona;Ore Diurne;3;0;0;0;12,48091;41,8475;-1;1;Autovettura privata;In marcia / fermata / arresto;Conducente;M;Rimandato;0;NON DECEDUTO;;
3217166;11;13/03/2017 11:45;Strada Urbana;VIA CRISTOFORO COLOMBO;all'intersezione semaforizzata con;VIA OROPA;VIA OROPA;;;Scontro frontale/laterale DX fra veicoli in marcia;Intersezione semaforizzata;Più di due carreggiate;Asciutto;Asfaltata;Verticale ed orizzontale;Sereno;Normale;Buona;Ore Diurne;3;0;0;0;12,48091;41,8475;-1;1;Autovettura privata;In marcia / fermata / arresto;Passeggero;M;Rimandato;0;NON DECEDUTO;;
3217166;11;13/03/2017 11:45;Strada Urbana;VIA CRISTOFORO COLOMBO;all'intersezione semaforizzata con;VIA OROPA;VIA OROPA;;;Scontro frontale/laterale DX fra veicoli in marcia;Intersezione semaforizzata;Più di due carreggiate;Asciutto;Asfaltata;Verticale ed orizzontale;Sereno;Normale;Buona;Ore Diurne;3;0;0;0;12,48091;41,8475;-1;2;Autovettura privata;In marcia / fermata / arresto;Conducente;F;Rifiuta cure immediate;0;NON DECEDUTO;;
3217170;6;14/03/2017 07:10;Strada Urbana;VIA DEGLI ANGELI;in corrispondenza;;del civico n.;34;;Scontro frontale/laterale DX fra veicoli in marcia;Rettilineo;Una carreggiata a doppio senso;Asciutto;Asfaltata;Orizzontale;Sereno;Scarso;Buona;Ore Diurne;2;0;0;1;12,53989;41,87513;-1;1;Autovettura privata;In marcia / fermata / arresto;Conducente;M;Illeso;0;;Non accertato;Inesploso
3217170;6;14/03/2017 07:10;Strada Urbana;VIA DEGLI ANGELI;in corrispondenza;;del civico n.;34;;Scontro frontale/laterale DX fra veicoli in marcia;Rettilineo;Una carreggiata a doppio senso;Asciutto;Asfaltata;Orizzontale;Sereno;Scarso;Buona;Ore Diurne;2;0;0;1;12,53989;41,87513;-1;2;Ciclomotore con passeggero;In marcia / fermata / arresto;Conducente;M;Rimandato;0;NON DECEDUTO;Non accertato;
3217170;6;14/03/2017 07:10;Strada Urbana;VIA DEGLI ANGELI;in corrispondenza;;del civico n.;34;;Scontro frontale/laterale DX fra veicoli in marcia;Rettilineo;Una carreggiata a doppio senso;Asciutto;Asfaltata;Orizzontale;Sereno;Scarso;Buona;Ore Diurne;2;0;0;1;12,53989;41,87513;-1;2;Ciclomotore con passeggero;In marcia / fermata / arresto;Passeggero;F;Rimandato;0;NON DECEDUTO;Non accertato;
3217172;13;13/03/2017 10:46;Strada Urbana;VIA OSTIENSE;in corrispondenza;;del civico n.;2207;;Scontro frontale/laterale SX fra veicoli in marcia;Rettilineo;Una carreggiata a doppio senso;Asciutto;Asfaltata;Assente;Sereno;Normale;Buona;Ore Diurne;1;0;0;1;12,31946;41,76729;-1;1;Motociclo a solo;In marcia / fermata / arresto;Conducente;F;Rimandato;0;NON DECEDUTO;Utilizzato;
3217172;13;13/03/2017 10:46;Strada Urbana;VIA OSTIENSE;in corrispondenza;;del civico n.;2207;;Scontro frontale/laterale SX fra veicoli in marcia;Rettilineo;Una carreggiata a doppio senso;Asciutto;Asfaltata;Assente;Sereno;Normale;Buona;Ore Diurne;1;0;0;1;12,31946;41,76729;-1;2;Autovettura privata;In marcia / fermata / arresto;Conducente;M;Illeso;0;;Non accertato;Inesploso
3217183;1;13/03/2017 02:00;Strada Urbana;VIA LABICANA;in prossimità;;del civico n.;95;;Veicolo in marcia contro ostacolo fisso;Rettilineo;Due carreggiate;Asciutto;Asfaltata;Verticale ed orizzontale;Sereno;Scarso;Buona;Sufficiente;0;0;0;2;12,49751;41,88984;-1;1;Autovettura privata;In marcia / fermata / arresto;Conducente;M;Illeso;0;;Non accertato;Inesploso
3217183;1;13/03/2017 02:00;Strada Urbana;VIA LABICANA;in prossimità;;del civico n.;95;;Veicolo in marcia contro ostacolo fisso;Rettilineo;Due carreggiate;Asciutto;Asfaltata;Verticale ed orizzontale;Sereno;Scarso;Buona;Sufficiente;0;0;0;2;12,49751;41,88984;-1;1;Autovettura privata;In marcia / fermata / arresto;Passeggero;F;Illeso;0;;Non accertato;
3217184;11;13/03/2017 13:40;Strada Urbana;VIA OSTIENSE;in corrispondenza;;del civico n.;31;;Investimento di pedone;Rettilineo;Più di due carreggiate;Asciutto;Asfaltata;Verticale ed orizzontale;Sereno;Normale;Buona;Ore Diurne;1;0;0;1;12,4808;41,87421;-1;;;;Pedone;M;Rimandato;0;NON DECEDUTO;;
3217184;11;13/03/2017 13:40;Strada Urbana;VIA OSTIENSE;in corrispondenza;;del civico n.;31;;Investimento di pedone;Rettilineo;Più di due carreggiate;Asciutto;Asfaltata;Verticale ed orizzontale;Sereno;Normale;Buona;Ore Diurne;1;0;0;1;12,4808;41,87421;-1;1;Autobus di linea;In marcia / fermata / arresto;Conducente;M;Illeso;0;;Non accertato;
3217191;4;13/03/2017 10:30;Provinciale entro l'abitato;VIA NOMENTANA;all'intersezione con;VIA ETTORE ROMAGNOLI;VIA ETTORE ROMAGNOLI;;;Scontro frontale fra veicoli in marcia;Incrocio;Una carreggiata a doppio senso;Asciutto;Asfaltata;Verticale ed orizzontale;Sereno;Normale;Buona;Ore Diurne;1;0;0;2;12,54657;41,93888;-1;1;Autocarro inferiore 35 q.;In marcia / fermata / arresto;Conducente;M;Illeso;0;;;
3217191;4;13/03/2017 10:30;Provinciale entro l'abitato;VIA NOMENTANA;all'intersezione con;VIA ETTORE ROMAGNOLI;VIA ETTORE ROMAGNOLI;;;Scontro frontale fra veicoli in marcia;Incrocio;Una carreggiata a doppio senso;Asciutto;Asfaltata;Verticale ed orizzontale;Sereno;Normale;Buona;Ore Diurne;1;0;0;2;12,54657;41,93888;-1;2;Autovettura privata;In marcia / fermata / arresto;Conducente;M;Illeso;0;;;
3217191;4;13/03/2017 10:30;Provinciale entro l'abitato;VIA NOMENTANA;all'intersezione con;VIA ETTORE ROMAGNOLI;VIA ETTORE ROMAGNOLI;;;Scontro frontale fra veicoli in marcia;Incrocio;Una carreggiata a doppio senso;Asciutto;Asfaltata;Verticale ed orizzontale;Sereno;Normale;Buona;Ore Diurne;1;0;0;2;12,54657;41,93888;-1;2;Autovettura privata;In marcia / fermata / arresto;Passeggero;F;Rimandato;0;NON DECEDUTO;;
3217200;13;13/03/2017 19:30;Strada Urbana;VIA ALBI;da specificare;;;;a circa m.10 dalla fermata Atac n°78363;Veicolo in marcia contro ostacolo fisso;Rettilineo;Una carreggiata a doppio senso;Asciutto;Con buche;Assente;Sereno;Scarso;Buona;Sufficiente;0;0;0;3;12,38046;41,7936;-1;1;Autovettura privata;In marcia / fermata / arresto;Conducente;M;Illeso;0;;Non accertato;Inesploso
3217200;13;13/03/2017 19:30;Strada Urbana;VIA ALBI;da specificare;;;;a circa m.10 dalla fermata Atac n°78363;Veicolo in marcia contro ostacolo fisso;Rettilineo;Una carreggiata a doppio senso;Asciutto;Con buche;Assente;Sereno;Scarso;Buona;Sufficiente;0;0;0;3;12,38046;41,7936;-1;1;Autovettura privata;In marcia / fermata / arresto;Passeggero;F;Illeso;0;;Non accertato;Inesploso
3217200;13;13/03/2017 19:30;Strada Urbana;VIA ALBI;da specificare;;;;a circa m.10 dalla fermata Atac n°78363;Veicolo in marcia contro ostacolo fisso;Rettilineo;Una carreggiata a doppio senso;Asciutto;Con buche;Assente;Sereno;Scarso;Buona;Sufficiente;0;0;0;3;12,38046;41,7936;-1;1;Autovettura privata;In marcia / fermata / arresto;Passeggero;M;Illeso;0;;Non accertato;Inesploso
3217202;16;11/03/2017 20:45;Strada Urbana;VIA DI BRAVETTA;in prossimità;;del civico n.;178;;Investimento di pedone;Rettilineo;Una carreggiata a doppio senso;Asciutto;Asfaltata;Verticale ed orizzontale;Sereno;Normale;Buona;Sufficiente;3;0;0;1;12,42451;41,88302;-1;;;;Pedone;F;Rimandato;0;NON DECEDUTO;;
3217202;16;11/03/2017 20:45;Strada Urbana;VIA DI BRAVETTA;in prossimità;;del civico n.;178;;Investimento di pedone;Rettilineo;Una carreggiata a doppio senso;Asciutto;Asfaltata;Verticale ed orizzontale;Sereno;Normale;Buona;Sufficiente;3;0;0;1;12,42451;41,88302;-1;;;;Pedone;M;Rimandato;0;NON DECEDUTO;;
3217202;16;11/03/2017 20:45;Strada Urbana;VIA DI BRAVETTA;in prossimità;;del civico n.;178;;Investimento di pedone;Rettilineo;Una carreggiata a doppio senso;Asciutto;Asfaltata;Verticale ed orizzontale;Sereno;Normale;Buona;Sufficiente;3;0;0;1;12,42451;41,88302;-1;;;;Pedone;M;Rimandato;0;NON DECEDUTO;;
3217202;16;11/03/2017 20:45;Strada Urbana;VIA DI BRAVETTA;in prossimità;;del civico n.;178;;Investimento di pedone;Rettilineo;Una carreggiata a doppio senso;Asciutto;Asfaltata;Verticale ed orizzontale;Sereno;Normale;Buona;Sufficiente;3;0;0;1;12,42451;41,88302;-1;1;Autovettura privata;In marcia / fermata / arresto;Conducente;M;Illeso;0;;Non accertato;Inesploso
3217211;1;09/03/2017 20:45;Strada Urbana;VIA GIOVANNI LANZA;in prossimità;;del civico n.;91;;Veicolo in marcia contro veicolo arresto;Pendenza;Una carreggiata a doppio senso;Asciutto;Asfaltata;Verticale ed orizzontale;Sereno;Normale;Buona;Sufficiente;1;0;0;2;12,49882;41,89514;-1;1;Autovettura privata;In marcia / fermata / arresto;Conducente;M;Illeso;0;;;
3217211;1;09/03/2017 20:45;Strada Urbana;VIA GIOVANNI LANZA;in prossimità;;del civico n.;91;;Veicolo in marcia contro veicolo arresto;Pendenza;Una carreggiata a doppio senso;Asciutto;Asfaltata;Verticale ed orizzontale;Sereno;Normale;Buona;Sufficiente;1;0;0;2;12,49882;41,89514;-1;1;Autovettura privata;In marcia / fermata / arresto;Passeggero;F;Rimandato;0;NON DECEDUTO;;
3217211;1;09/03/2017 20:45;Strada Urbana;VIA GIOVANNI LANZA;in prossimità;;del civico n.;91;;Veicolo in marcia contro veicolo arresto;Pendenza;Una carreggiata a doppio senso;Asciutto;Asfaltata;Verticale ed orizzontale;Sereno;Normale;Buona;Sufficiente;1;0;0;2;12,49882;41,89514;-1;2;Autovettura privata;In marcia / fermata / arresto;Conducente;M;Illeso;0;;;