Protocollo;Gruppo;DataOraIncidente;Localizzazione1;STRADA1;Localizzazione2;STRADA2;Strada02;Chilometrica;DaSpecificare;NaturaIncidente;particolaritastrade;TipoStrada;FondoStradale;Pavimentazione;Segnaletica;CondizioneAtmosferica;Traffico;Visibilita;Illuminazione;NUM_FERITI;NUM_RISERVATA;NUM_MORTI;NUM_ILLESI;Longitudine;Latitudine;Confermato;Progressivo;TipoVeicolo;StatoVeicolo;TipoPersona;Sesso;Tipolesione;Deceduto;DecedutoDopo;CinturaCascoUtilizzato;Airbag
3230625;5;22/03/2017 14:35;Strada Urbana;VIA DEI MONTI DI PIETRALATA;da specificare;;;;prossimità sottovia Monti Tiburtini;Scontro frontale fra veicoli in marcia;Rettilineo;Una carreggiata a senso unico di marcia;Asciutto;Asfaltata;Verticale ed orizzontale;Sereno;Normale;Buona;Ore Diurne;1;0;0;2;12,53159;41,91962;-1;2;Autovettura privata;In marcia / fermata / arresto;Conducente;M;Illeso;0;;Non accertato;Esploso
3230625;5;22/03/2017 14:35;Strada Urbana;VIA DEI MONTI DI PIETRALATA;da specificare;;;;prossimità sottovia Monti Tiburtini;Scontro frontale fra veicoli in marcia;Rettilineo;Una carreggiata a senso unico di marcia;Asciutto;Asfaltata;Verticale ed orizzontale;Sereno;Normale;Buona;Ore Diurne;1;0;0;2;12,53159;41,91962;-1;2;Autovettura privata;In marcia / fermata / arresto;Passeggero;F;Illeso;0;;Non accertato;Esploso
3230626;4;22/03/2017 06:15;Strada Urbana;VIALE JONIO;da specificare;;;;in prossimità del civico 332;Tamponamento Multiplo;Rettilineo;Due carreggiate;Asciutto;Asfaltata;Verticale ed orizzontale;Nuvoloso;Normale;Sufficiente;Sufficiente;1;0;0;2;12,53623;41,94411;-1;1;Autocarro inferiore 35 q.;In marcia / fermata / arresto;Conducente;M;Illeso;0;;Non accertato;
3230626;4;22/03/2017 06:15;Strada Urbana;VIALE JONIO;da specificare;;;;in prossimità del civico 332;Tamponamento Multiplo;Rettilineo;Due carreggiate;Asciutto;Asfaltata;Verticale ed orizzontale;Nuvoloso;Normale;Sufficiente;Sufficiente;1;0;0;2;12,53623;41,94411;-1;2;Autovettura privata;In marcia / fermata / arresto;Conducente;M;Illeso;0;;Non accertato;
3230626;4;22/03/2017 06:15;Strada Urbana;VIALE JONIO;da specificare;;;;in prossimità del civico 332;Tamponamento Multiplo;Rettilineo;Due carreggiate;Asciutto;Asfaltata;Verticale ed orizzontale;Nuvoloso;Normale;Sufficiente;Sufficiente;1;0;0;2;12,53623;41,94411;-1;3;Autovettura privata;In marcia / fermata / arresto;Conducente;F;Rimandato;0;NON DECEDUTO;Non accertato;
3230633;4;22/03/2017 08:15;Strada Urbana;CORSO SEMPIONE;da specificare;;;;prossimità via Gargano;Scontro laterale fra veicoli in marcia;Rettilineo;Una carreggiata a senso unico di marcia;Asciutto;Asfaltata;Verticale ed orizzontale;Nuvoloso;Intenso;Buona;Ore Diurne;0;0;0;2;12,53397;41,93525;-1;1;Autobus urbano;In marcia / fermata / arresto;Conducente;M;Illeso;0;;Non accertato;Inesploso
3230633;4;22/03/2017 08:15;Strada Urbana;CORSO SEMPIONE;da specificare;;;;prossimità via Gargano;Scontro laterale fra veicoli in marcia;Rettilineo;Una carreggiata a senso unico di marcia;Asciutto;Asfaltata;Verticale ed orizzontale;Nuvoloso;Intenso;Buona;Ore Diurne;0;0;0;2;12,53397;41,93525;-1;2;Autovettura privata;In marcia / fermata / arresto;Conducente;M;Illeso;0;;Non accertato;Inesploso
3230634;13;22/03/2017 17:00;Strada Urbana;VIALE DI CASTEL PORZIANO;da specificare;;;;in prossimità via A. Mariani;Scontro laterale fra veicoli in marcia;Rettilineo;Due carreggiate;Asciutto;Asfaltata;Verticale ed orizzontale;Sereno;Normale;Buona;Ore Diurne;0;0;0;7;12,34914;41,73083;-1;1;Autovettura privata;In marcia / fermata / arresto;Passeggero;M;Illeso;0;;Non accertato;Inesploso
3230634;13;22/03/2017 17:00;Strada Urbana;VIALE DI CASTEL PORZIANO;da specificare;;;;in prossimità via A. Mariani;Scontro laterale fra veicoli in marcia;Rettilineo;Due carreggiate;Asciutto;Asfaltata;Verticale ed orizzontale;Sereno;Normale;Buona;Ore Diurne;0;0;0;7;12,34914;41,73083;-1;1;Autovettura privata;In marcia / fermata / arresto;Conducente;F;Illeso;0;;Non accertato;Inesploso
3230634;13;22/03/2017 17:00;Strada Urbana;VIALE DI CASTEL PORZIANO;da specificare;;;;in prossimità via A. Mariani;Scontro laterale fra veicoli in marcia;Rettilineo;Due carreggiate;Asciutto;Asfaltata;Verticale ed orizzontale;Sereno;Normale;Buona;Ore Diurne;0;0;0;7;12,34914;41,73083;-1;1;Autovettura privata;In marcia / fermata / arresto;Passeggero;F;Illeso;0;;Non accertato;Inesploso
3230634;13;22/03/2017 17:00;Strada Urbana;VIALE DI CASTEL PORZIANO;da specificare;;;;in prossimità via A. Mariani;Scontro laterale fra veicoli in marcia;Rettilineo;Due carreggiate;Asciutto;Asfaltata;Verticale ed orizzontale;Sereno;Normale;Buona;Ore Diurne;0;0;0;7;12,34914;41,73083;-1;1;Autovettura privata;In marcia / fermata / arresto;Passeggero;F;Illeso;0;;Non accertato;Inesploso
3230634;13;22/03/2017 17:00;Strada Urbana;VIALE DI CASTEL PORZIANO;da specificare;;;;in prossimità via A. Mariani;Scontro laterale fra veicoli in marcia;Rettilineo;Due carreggiate;Asciutto;Asfaltata;Verticale ed orizzontale;Sereno;Normale;Buona;Ore Diurne;0;0;0;7;12,34914;41,73083;-1;1;Autovettura privata;In marcia / fermata / arresto;Passeggero;F;Illeso;0;;Non accertato;Inesploso
3230634;13;22/03/2017 17:00;Strada Urbana;VIALE DI CASTEL PORZIANO;da specificare;;;;in prossimità via A. Mariani;Scontro laterale fra veicoli in marcia;Rettilineo;Due carreggiate;Asciutto;Asfaltata;Verticale ed orizzontale;Sereno;Normale;Buona;Ore Diurne;0;0;0;7;12,34914;41,73083;-1;2;Autovettura privata;In marcia / fermata / arresto;Conducente;M;Illeso;0;;Non accertato;Inesploso
3230634;13;22/03/2017 17:00;Strada Urbana;VIALE DI CASTEL PORZIANO;da specificare;;;;in prossimità via A. Mariani;Scontro laterale fra veicoli in marcia;Rettilineo;Due carreggiate;Asciutto;Asfaltata;Verticale ed orizzontale;Sereno;Normale;Buona;Ore Diurne;0;0;0;7;12,34914;41,73083;-1;2;Autovettura privata;In marcia / fermata / arresto;Passeggero;M;Illeso;0;;Non accertato;Inesploso
3230640;11;22/03/2017 10:20;Strada Urbana;VIA OSTIENSE;in corrispondenza;;del civico n.;129;;Scontro laterale fra veicoli in marcia;Rettilineo;Più di due carreggiate;Asciutto;Asfaltata;Verticale;Nuvoloso;Normale;Buona;Ore Diurne;0;0;0;2;12,47914;41,86541;-1;1;Motociclo con passeggero;In marcia / fermata / arresto;Conducente;M;Illeso;0;;Non accertato;
3230640;11;22/03/2017 10:20;Strada Urbana;VIA OSTIENSE;in corrispondenza;;del civico n.;129;;Scontro laterale fra veicoli in marcia;Rettilineo;Più di due carreggiate;Asciutto;Asfaltata;Verticale;Nuvoloso;Normale;Buona;Ore Diurne;0;0;0;2;12,47914;41,86541;-1;2;Autovettura privata;In marcia / fermata / arresto;Conducente;F;Illeso;0;;Non accertato;
3230645;19;22/03/2017 10:00;Strada Urbana;VIA DELLA PINETA SACCHETTI;all'intersezione con;VIA FRANCESCO CRUCITTI;VIA FRANCESCO CRUCITTI;;;Scontro laterale fra veicoli in marcia;Incrocio;Una carreggiata a senso unico di marcia;Asciutto;Asfaltata;Verticale ed orizzontale;Sereno;Normale;Buona;Ore Diurne;0;0;0;2;12,42647;41,92875;-1;1;Autocarro inferiore 35 q.;In marcia / fermata / arresto;Conducente;M;Illeso;0;;Non accertato;Inesploso
3230645;19;22/03/2017 10:00;Strada Urbana;VIA DELLA PINETA SACCHETTI;all'intersezione con;VIA FRANCESCO CRUCITTI;VIA FRANCESCO CRUCITTI;;;Scontro laterale fra veicoli in marcia;Incrocio;Una carreggiata a senso unico di marcia;Asciutto;Asfaltata;Verticale ed orizzontale;Sereno;Normale;Buona;Ore Diurne;0;0;0;2;12,42647;41,92875;-1;2;Autobus di linea;In marcia / fermata / arresto;Conducente;M;Illeso;0;;Non accertato;Inesploso
3230646;5;22/03/2017 19:10;Strada Urbana;VIA DI PIETRALATA;all'intersezione con;VIA DEI MONTI DI PIETRALATA;VIA DEI MONTI DI PIETRALATA;;;Scontro frontale/laterale SX fra veicoli in marcia;Incrocio;Una carreggiata a doppio senso;Asciutto;Asfaltata;Verticale ed orizzontale;Sereno;Normale;Sufficiente;Sufficiente;0;0;0;3;12,54691;41,92119;-1;1;Autovettura privata;In marcia / fermata / arresto;Conducente;F;Illeso;0;;Non accertato;Inesploso
3230646;5;22/03/2017 19:10;Strada Urbana;VIA DI PIETRALATA;all'intersezione con;VIA DEI MONTI DI PIETRALATA;VIA DEI MONTI DI PIETRALATA;;;Scontro frontale/laterale SX fra veicoli in marcia;Incrocio;Una carreggiata a doppio senso;Asciutto;Asfaltata;Verticale ed orizzontale;Sereno;Normale;Sufficiente;Sufficiente;0;0;0;3;12,54691;41,92119;-1;1;Autovettura privata;In marcia / fermata / arresto;Passeggero;F;Illeso;0;;Non accertato;Inesploso
3230646;5;22/03/2017 19:10;Strada Urbana;VIA DI PIETRALATA;all'intersezione con;VIA DEI MONTI DI PIETRALATA;VIA DEI MONTI DI PIETRALATA;;;Scontro frontale/laterale SX fra veicoli in marcia;Incrocio;Una carreggiata a doppio senso;Asciutto;Asfaltata;Verticale ed orizzontale;Sereno;Normale;Sufficiente;Sufficiente;0;0;0;3;12,54691;41,92119;-1;2;Autovettura privata;In marcia / fermata / arresto;Conducente;M;Illeso;0;;Non accertato;Inesploso
3230658;19;22/03/2017 21:20;Strada Urbana;VIA PIEVE DI CADORE;da specificare;;;;rotatoria Via Sappada;Veicolo in marcia contro ostacolo accidentale;Cavalcavia;Una carreggiata a senso unico di marcia;Viscido da liquidi oleosi;Asfaltata;Verticale ed orizzontale;Nuvoloso;Normale;Buona;Sufficiente;1;0;0;0;12,4382;41,93973;-1;1;Motociclo a solo;In marcia / fermata / arresto;Conducente;M;Rifiuta cure immediate;0;NON DECEDUTO;Non accertato;
3230662;4;22/03/2017 16:10;Strada Urbana;VIA PASSO DEL FURLO;in corrispondenza;;del civico n.;53;;Veicolo in marcia contro veicolo in sosta;Curva a visuale libera;Una carreggiata a doppio senso;Asciutto;Asfaltata;Verticale ed orizzontale;Nuvoloso;Scarso;Buona;Ore Diurne;0;0;0;2;12,53546;41,93059;-1;1;Autovettura privata;Sosta;Passeggero;M;Illeso;0;;Non accertato;Inesploso
3230662;4;22/03/2017 16:10;Strada Urbana;VIA PASSO DEL FURLO;in corrispondenza;;del civico n.;53;;Veicolo in marcia contro veicolo in sosta;Curva a visuale libera;Una carreggiata a doppio senso;Asciutto;Asfaltata;Verticale ed orizzontale;Nuvoloso;Scarso;Buona;Ore Diurne;0;0;0;2;12,53546;41,93059;-1;2;Autovettura privata;In marcia / fermata / arresto;Conducente;M;Illeso;0;;Non accertato;Inesploso
3230667;4;22/03/2017 20:00;Strada Urbana;VIA ANNIBALE MARIA DI FRANCIA;in corrispondenza;;del civico n.;67;;Veicolo in marcia contro veicolo in sosta;Rettilineo;Una carreggiata a senso unico di marcia;Asciutto;Asfaltata;Assente;Sereno;Scarso;Buona;Sufficiente;0;0;0;2;12,50585;41,97312;-1;1;Autovettura privata;In marcia / fermata / arresto;Conducente;M;Illeso;0;;Non accertato;Inesploso
3230667;4;22/03/2017 20:00;Strada Urbana;VIA ANNIBALE MARIA DI FRANCIA;in corrispondenza;;del civico n.;67;;Veicolo in marcia contro veicolo in sosta;Rettilineo;Una carreggiata a senso unico di marcia;Asciutto;Asfaltata;Assente;Sereno;Scarso;Buona;Sufficiente;0;0;0;2;12,50585;41,97312;-1;1;Autovettura privata;In marcia / fermata / arresto;Passeggero;M;Illeso;0;;Non accertato;Inesploso
3230668;7;22/03/2017 18:30;Strada Urbana;VIA GINO SEVERINI;da specificare;;;;alt. palo luce n. 8;Veicolo in marcia contro ostacolo accidentale;Curva senza visuale libera;Una carreggiata a doppio senso;Asciutto;Con buche;Orizzontale;Nuvoloso;Normale;Buona;Sufficiente;0;0;0;1;12,58066;41,8996;-1;1;Motociclo con passeggero;In marcia / fermata / arresto;Conducente;M;Illeso;0;;Non accertato;
3230669;5;22/03/2017 20:35;Strada Urbana;VIA DEI MONTI TIBURTINI;in prossimità;;del civico n.;510;;Tamponamento;Rettilineo;Due carreggiate;Asciutto;Asfaltata;Verticale ed orizzontale;Sereno;Intenso;Buona;Sufficiente;0;0;0;4;12,54605;41,91605;-1;1;Autovettura privata;In marcia / fermata / arresto;Conducente;F;Illeso;0;;Non accertato;Inesploso
3230669;5;22/03/2017 20:35;Strada Urbana;VIA DEI MONTI TIBURTINI;in prossimità;;del civico n.;510;;Tamponamento;Rettilineo;Due carreggiate;Asciutto;Asfaltata;Verticale ed orizzontale;Sereno;Intenso;Buona;Sufficiente;0;0;0;4;12,54605;41,91605;-1;2;Autovettura privata;In marcia / fermata / arresto;Conducente;F;Illeso;0;;Non accertato;Inesploso
3230669;5;22/03/2017 20:35;Strada Urbana;VIA DEI MONTI TIBURTINI;in prossimità;;del civico n.;510;;Tamponamento;Rettilineo;Due carreggiate;Asciutto;Asfaltata;Verticale ed orizzontale;Sereno;Intenso;Buona;Sufficiente;0;0;0;4;12,54605;41,91605;-1;2;Autovettura privata;In marcia / fermata / arresto;Passeggero;F;Illeso;0;;Non accertato;Inesploso
3230669;5;22/03/2017 20:35;Strada Urbana;VIA DEI MONTI TIBURTINI;in prossimità;;del civico n.;510;;Tamponamento;Rettilineo;Due carreggiate;Asciutto;Asfaltata;Verticale ed orizzontale;Sereno;Intenso;Buona;Sufficiente;0;0;0;4;12,54605;41,91605;-1;2;Autovettura privata;In marcia / fermata / arresto;Passeggero;M;Illeso;0;;Non accertato;Inesploso
3230671;19;22/03/2017 11:15;Strada Urbana;VIA DELLA PINETA SACCHETTI;all'intersezione con;VIA FRANCESCO CRUCITTI;VIA FRANCESCO CRUCITTI;;;Scontro laterale fra veicoli in marcia;Incrocio;Una carreggiata a senso unico di marcia;Asciutto;Asfaltata;Verticale ed orizzontale;Nuvoloso;Normale;Buona;Ore Diurne;0;0;0;2;12,42441;41,92313;-1;1;Autovettura privata;In marcia / fermata / arresto;Conducente;M;Illeso;0;;Non accertato;Inesploso
3230671;19;22/03/2017 11:15;Strada Urbana;VIA DELLA PINETA SACCHETTI;all'intersezione con;VIA FRANCESCO CRUCITTI;VIA FRANCESCO CRUCITTI;;;Scontro laterale fra veicoli in marcia;Incrocio;Una carreggiata a senso unico di marcia;Asciutto;Asfaltata;Verticale ed orizzontale;Nuvoloso;Normale;Buona;Ore Diurne;0;0;0;2;12,42441;41,92313;-1;2;Motociclo a solo;In marcia / fermata / arresto;Conducente;M;Illeso;0;;Non accertato;
3230673;12;23/03/2017 07:10;Strada Urbana;VIALE DELL'ESERCITO;in prossimità;;del civico n.;46;;Scontro laterale fra veicoli in marcia;Rettilineo;Due carreggiate;Asciutto;Asfaltata;Verticale ed orizzontale;Nuvoloso;Normale;Buona;Ore Diurne;0;0;0;2;12,48658;41,81317;-1;1;Autovettura privata;In marcia / fermata / arresto;Conducente;M;Illeso;0;;Utilizzato;Inesploso
3230673;12;23/03/2017 07:10;Strada Urbana;VIALE DELL'ESERCITO;in prossimità;;del civico n.;46;;Scontro laterale fra veicoli in marcia;Rettilineo;Due carreggiate;Asciutto;Asfaltata;Verticale ed orizzontale;Nuvoloso;Normale;Buona;Ore Diurne;0;0;0;2;12,48658;41,81317;-1;2;Autocarro inferiore 35 q.;In marcia / fermata / arresto;Conducente;M;Illeso;0;;Utilizzato;Inesploso
3230689;5;22/03/2017 19:10;Strada Urbana;VIA TIBURTINA;in corrispondenza;;del civico n.;13,7;;Scontro frontale/laterale DX fra veicoli in marcia;Rettilineo;Una carreggiata a doppio senso;Asciutto;Asfaltata;Verticale ed orizzontale;Sereno;Normale;Buona;Sufficiente;1;0;0;1;12,64658;41,94397;-1;1;Autovettura privata;In marcia / fermata / arresto;Conducente;M;Illeso;0;;Non accertato;Inesploso
3230689;5;22/03/2017 19:10;Strada Urbana;VIA TIBURTINA;in corrispondenza;;del civico n.;13,7;;Scontro frontale/laterale DX fra veicoli in marcia;Rettilineo;Una carreggiata a doppio senso;Asciutto;Asfaltata;Verticale ed orizzontale;Sereno;Normale;Buona;Sufficiente;1;0;0;1;12,64658;41,94397;-1;2;Autovettura privata;In marcia / fermata / arresto;Conducente;F;Rimandato;0;NON DECEDUTO;Non accertato;Esploso
3230691;4;22/03/2017 15:00;Strada Urbana;VIA VAL DI SANGRO;all'intersezione con;VIA VAL PELLICE;VIA VAL PELLICE;;;Scontro frontale/laterale SX fra veicoli in marcia;Intersezione stradale segnalata;Una carreggiata a doppio senso;Asciutto;Asfaltata;Verticale;Nuvoloso;Normale;Buona;Ore Diurne;1;0;0;2;12,52191;41,94458;-1;1;Motociclo a solo;In marcia / fermata / arresto;Conducente;M;Rimandato;0;NON DECEDUTO;;
3230691;4;22/03/2017 15:00;Strada Urbana;VIA VAL DI SANGRO;all'intersezione con;VIA VAL PELLICE;VIA VAL PELLICE;;;Scontro frontale/laterale SX fra veicoli in marcia;Intersezione stradale segnalata;Una carreggiata a doppio senso;Asciutto;Asfaltata;Verticale;Nuvoloso;Normale;Buona;Ore Diurne;1;0;0;2;12,52191;41,94458;-1;2;Autovettura privata;In marcia / fermata / arresto;Conducente;M;Illeso;0;;;
3230691;4;22/03/2017 15:00;Strada Urbana;VIA VAL DI SANGRO;all'intersezione con;VIA VAL PELLICE;VIA VAL PELLICE;;;Scontro frontale/laterale SX fra veicoli in marcia;Intersezione stradale segnalata;Una carreggiata a doppio senso;Asciutto;Asfaltata;Verticale;Nuvoloso;Normale;Buona;Ore Diurne;1;0;0;2;12,52191;41,94458;-1;2;Autovettura privata;In marcia / fermata / arresto;Passeggero;M;Illeso;0;;;
3230695;17;22/03/2017 09:00;Strada Urbana;VIA CIPRO;in corrispondenza;;del civico n.;fc 8;;Veicolo in marcia contro veicolo in sosta;Rettilineo;Due carreggiate;Asciutto;Asfaltata;Verticale ed orizzontale;Sereno;Normale;Buona;Ore Diurne;0;0;0;1;12,44689;41,90757;-1;1;Autovettura privata;In marcia / fermata / arresto;Conducente;M;Illeso;0;;;
3230703;9;23/03/2017 08:00;Strada Urbana;VIA MARIO MENGHINI;in corrispondenza;;del civico n.;13;;Infortunio per caduta del veicolo;Rettilineo;Una carreggiata a doppio senso;Asciutto;Asfaltata;Assente;Sereno;Normale;Buona;Ore Diurne;1;0;0;1;12,52841;41,86956;-1;1;Ciclomotore;In marcia / fermata / arresto;Conducente;M;Illeso;0;;;
3230703;9;23/03/2017 08:00;Strada Urbana;VIA MARIO MENGHINI;in corrispondenza;;del civico n.;13;;Infortunio per caduta del veicolo;Rettilineo;Una carreggiata a doppio senso;Asciutto;Asfaltata;Assente;Sereno;Normale;Buona;Ore Diurne;1;0;0;1;12,52841;41,86956;-1;2;Motociclo a solo;In marcia / fermata / arresto;Conducente;M;Rimandato;0;NON DECEDUTO;;
3230707;7;22/03/2017 11:20;Strada Urbana;VIA ANGELO VISCOGLIOSI;in corrispondenza;;del civico n.;40;;Scontro frontale fra veicoli in marcia;Rettilineo;Una carreggiata a doppio senso;Asciutto;Asfaltata;Orizzontale;Sereno;Normale;Buona;Ore Diurne;1;0;0;1;12,59031;41,88211;-1;1;Autovettura privata;In marcia / fermata / arresto;Conducente;M;Illeso;0;;;
3230707;7;22/03/2017 11:20;Strada Urbana;VIA ANGELO VISCOGLIOSI;in corrispondenza;;del civico n.;40;;Scontro frontale fra veicoli in marcia;Rettilineo;Una carreggiata a doppio senso;Asciutto;Asfaltata;Orizzontale;Sereno;Normale;Buona;Ore Diurne;1;0;0;1;12,59031;41,88211;-1;2;Motociclo a solo;In marcia / fermata / arresto;Conducente;M;Rimandato;0;NON DECEDUTO;Non accertato;
3230733;7;22/03/2017 08:10;Strada Urbana;VIALE PALMIRO TOGLIATTI;da specificare;;;;in prossimità di Via Casilina;Tamponamento;Rettilineo;Una carreggiata a senso unico di marcia;Asciutto;Asfaltata;Verticale ed orizzontale;Sereno;Normale;Buona;Ore Diurne;0;0;0;2;12,56984;41,8743;-1;1;Autovettura privata;In marcia / fermata / arresto;Conducente;M;Illeso;0;;Non accertato;Inesploso
3230733;7;22/03/2017 08:10;Strada Urbana;VIALE PALMIRO TOGLIATTI;da specificare;;;;in prossimità di Via Casilina;Tamponamento;Rettilineo;Una carreggiata a senso unico di marcia;Asciutto;Asfaltata;Verticale ed orizzontale;Sereno;Normale;Buona;Ore Diurne;0;0;0;2;12,56984;41,8743;-1;2;Motociclo a solo;In marcia / fermata / arresto;Conducente;M;Illeso;0;;Non accertato;
3230745;4;22/03/2017 06:05;Strada Urbana;VIA PIAN DI SCO;da specificare;;;;in corrispondenza di VIA S. M. DELLA SPERANZA;Veicolo in marcia contro veicolo in sosta;Rettilineo;Una carreggiata a doppio senso;Asciutto;Asfaltata;Orizzontale;Sereno;Scarso;Buona;Ore Diurne;0;0;0;1;12,51845;41,96176;-1;1;Autovettura privata;In marcia / fermata / arresto;Conducente;M;Illeso;0;;Non accertato;Esploso
3230755;4;22/03/2017 23:45;Strada Urbana;VIA DI SETTEBAGNI;da specificare;;;;direzione via Monte di Casa 200 metri prima di via;Veicolo in marcia contro ostacolo accidentale;Rettilineo;Una carreggiata a doppio senso;Asciutto;Asfaltata;Assente;Nuvoloso;Normale;Insufficiente;Inesistente;0;0;0;1;12,54038;41,97937;-1;1;Autovettura privata;In marcia / fermata / arresto;Conducente;M;Illeso;0;;Non accertato;Inesploso
3230760;7;22/03/2017 14:00;Strada Urbana;VIA PONZIO COMINIO;all'intersezione con;VIA PAPIRIA;VIA PAPIRIA;;;Scontro frontale/laterale DX fra veicoli in marcia;Incrocio;Una carreggiata a senso unico di marcia;Asciutto;Asfaltata;Verticale ed orizzontale;Nuvoloso;Normale;Buona;Ore Diurne;1;0;0;1;12,56;41,86383;-1;1;Autovettura privata;In marcia / fermata / arresto;Conducente;M;Illeso;0;;Non accertato;Inesploso
3230760;7;22/03/2017 14:00;Strada Urbana;VIA PONZIO COMINIO;all'intersezione con;VIA PAPIRIA;VIA PAPIRIA;;;Scontro frontale/laterale DX fra veicoli in marcia;Incrocio;Una carreggiata a senso unico di marcia;Asciutto;Asfaltata;Verticale ed orizzontale;Nuvoloso;Normale;Buona;Ore Diurne;1;0;0;1;12,56;41,86383;-1;2;Motociclo con passeggero;In marcia / fermata / arresto;Conducente;M;Rimandato;0;NON DECEDUTO;Non accertato;
3230762;7;22/03/2017 10:20;Strada Urbana;VIA GIOVANNI BATTISTA DELPONTE;in prossimità;;del civico n.;2;;Veicolo in marcia contro veicolo fermo;Rettilineo;Una carreggiata a doppio senso;Asciutto;Asfaltata;Assente;Sereno;Normale;Buona;Ore Diurne;0;0;0;4;12,57747;41,87646;-1;1;Autovettura privata;In marcia / fermata / arresto;Conducente;M;Illeso;0;;Non accertato;Inesploso
3230762;7;22/03/2017 10:20;Strada Urbana;VIA GIOVANNI BATTISTA DELPONTE;in prossimità;;del civico n.;2;;Veicolo in marcia contro veicolo fermo;Rettilineo;Una carreggiata a doppio senso;Asciutto;Asfaltata;Assente;Sereno;Normale;Buona;Ore Diurne;0;0;0;4;12,57747;41,87646;-1;1;Autovettura privata;In marcia / fermata / arresto;Passeggero;F;Illeso;0;;Non accertato;Inesploso
3230762;7;22/03/2017 10:20;Strada Urbana;VIA GIOVANNI BATTISTA DELPONTE;in prossimità;;del civico n.;2;;Veicolo in marcia contro veicolo fermo;Rettilineo;Una carreggiata a doppio senso;Asciutto;Asfaltata;Assente;Sereno;Normale;Buona;Ore Diurne;0;0;0;4;12,57747;41,87646;-1;2;Autovettura privata;In marcia / fermata / arresto;Conducente;M;Illeso;0;;Non accertato;Inesploso
3230762;7;22/03/2017 10:20;Strada Urbana;VIA GIOVANNI BATTISTA DELPONTE;in prossimità;;del civico n.;2;;Veicolo in marcia contro veicolo fermo;Rettilineo;Una carreggiata a doppio senso;Asciutto;Asfaltata;Assente;Sereno;Normale;Buona;Ore Diurne;0;0;0;4;12,57747;41,87646;-1;2;Autovettura privata;In marcia / fermata / arresto;Passeggero;F;Illeso;0;;Non accertato;Inesploso
3230825;11;23/03/2017 08:50;Strada Urbana;VIA ACCADEMIA DEGLI AGIATI;da specificare;;;;all'altezza di via Accademia peloritana;Scontro laterale fra veicoli in marcia;Rettilineo;Una carreggiata a senso unico di marcia;Asciutto;Asfaltata;Verticale ed orizzontale;Nuvoloso;Intenso;Buona;Ore Diurne;0;0;0;3;12,48948;41,85149;-1;1;Autovettura privata;In marcia / fermata / arresto;Conducente;M;Illeso;0;;Non accertato;Inesploso
3230825;11;23/03/2017 08:50;Strada Urbana;VIA ACCADEMIA DEGLI AGIATI;da specificare;;;;all'altezza di via Accademia peloritana;Scontro laterale fra veicoli in marcia;Rettilineo;Una carreggiata a senso unico di marcia;Asciutto;Asfaltata;Verticale ed orizzontale;Nuvoloso;Intenso;Buona;Ore Diurne;0;0;0;3;12,48948;41,85149;-1;1;Autovettura privata;In marcia / fermata / arresto;Passeggero;F;Illeso;0;;Non accertato;Inesploso
3230825;11;23/03/2017 08:50;Strada Urbana;VIA ACCADEMIA DEGLI AGIATI;da specificare;;;;all'altezza di via Accademia peloritana;Scontro laterale fra veicoli in marcia;Rettilineo;Una carreggiata a senso unico di marcia;Asciutto;Asfaltata;Verticale ed orizzontale;Nuvoloso;Intenso;Buona;Ore Diurne;0;0;0;3;12,48948;41,85149;-1;2;Autovettura privata;In marcia / fermata / arresto;Conducente;M;Illeso;0;;Non accertato;
3230828;16;22/03/2017 09:20;Strada Urbana;VIA OTTAVIO GASPARRI;da specificare;;;;prossimità Via Vitellia;Scontro laterale fra veicoli in marcia;Rettilineo;Due carreggiate;Asciutto;Asfaltata;Verticale ed orizzontale;Nuvoloso;Normale;Buona;Ore Diurne;0;0;0;3;12,44193;41,87818;-1;1;Autovettura privata;In marcia / fermata / arresto;Conducente;M;Illeso;0;;;
3230828;16;22/03/2017 09:20;Strada Urbana;VIA OTTAVIO GASPARRI;da specificare;;;;prossimità Via Vitellia;Scontro laterale fra veicoli in marcia;Rettilineo;Due carreggiate;Asciutto;Asfaltata;Verticale ed orizzontale;Nuvoloso;Normale;Buona;Ore Diurne;0;0;0;3;12,44193;41,87818;-1;2;Autovettura privata;In marcia / fermata / arresto;Conducente;M;Illeso;0;;;
3230828;16;22/03/2017 09:20;Strada Urbana;VIA OTTAVIO GASPARRI;da specificare;;;;prossimità Via Vitellia;Scontro laterale fra veicoli in marcia;Rettilineo;Due carreggiate;Asciutto;Asfaltata;Verticale ed orizzontale;Nuvoloso;Normale;Buona;Ore Diurne;0;0;0;3;12,44193;41,87818;-1;2;Autovettura privata;In marcia / fermata / arresto;Passeggero;F;Illeso;0;;;
3230835;4;22/03/2017 13:30;Provinciale entro l'abitato;VIA NOMENTANA;all'intersezione con;VIA GIACOMO ANTONIO CORTUSO;VIA GIACOMO ANTONIO CORTUSO;;;Scontro laterale fra veicoli in marcia;Intersezione stradale segnalata;Una carreggiata a doppio senso;Asciutto;Asfaltata;Verticale ed orizzontale;Sereno;Normale;Buona;Ore Diurne;0;0;0;3;12,55245;41,94115;-1;1;Autovettura privata;In marcia / fermata / arresto;Conducente;M;Illeso;0;;Non accertato;Inesploso