Protocollo;Gruppo;DataOraIncidente;Localizzazione1;STRADA1;Localizzazione2;STRADA2;Strada02;Chilometrica;DaSpecificare;NaturaIncidente;particolaritastrade;TipoStrada;FondoStradale;Pavimentazione;Segnaletica;CondizioneAtmosferica;Traffico;Visibilita;Illuminazione;NUM_FERITI;NUM_RISERVATA;NUM_MORTI;NUM_ILLESI;Longitudine;Latitudine;Confermato;Progressivo;TipoVeicolo;StatoVeicolo;TipoPersona;Sesso;Tipolesione;Deceduto;DecedutoDopo;CinturaCascoUtilizzato;Airbag
3246391;19;31/03/2017 14:30;Strada Urbana;VIA DELLA PINETA SACCHETTI;da specificare;;;;fronte civico 199;Veicolo in marcia contro veicolo in sosta;Curva a visuale libera;Una carreggiata a senso unico di marcia;Asciutto;Asfaltata;Verticale;Sereno;Normale;Buona;Ore Diurne;0;0;0;1;12,42441;41,92313;-1;1;Autovettura privata;In marcia / fermata / arresto;Conducente;F;Illeso;0;;;
3246403;17;31/03/2017 18:20;Strada Urbana;PIAZZA GIUSEPPE MAZZINI;da specificare;;;;fronte VIALE GIUSEPPE MAZZINI;Scontro frontale/laterale SX fra veicoli in marcia;Curva a visuale libera;Una carreggiata a senso unico di marcia;Asciutto;Asfaltata;Verticale ed orizzontale;Sereno;Normale;Sufficiente;Ore Diurne;0;0;0;3;12,46403;41,91559;-1;1;Autovettura privata;In marcia / fermata / arresto;Conducente;M;Illeso;0;;;
3246403;17;31/03/2017 18:20;Strada Urbana;PIAZZA GIUSEPPE MAZZINI;da specificare;;;;fronte VIALE GIUSEPPE MAZZINI;Scontro frontale/laterale SX fra veicoli in marcia;Curva a visuale libera;Una carreggiata a senso unico di marcia;Asciutto;Asfaltata;Verticale ed orizzontale;Sereno;Normale;Sufficiente;Ore Diurne;0;0;0;3;12,46403;41,91559;-1;1;Autovettura privata;In marcia / fermata / arresto;Passeggero;F;Illeso;0;;;
3246403;17;31/03/2017 18:20;Strada Urbana;PIAZZA GIUSEPPE MAZZINI;da specificare;;;;fronte VIALE GIUSEPPE MAZZINI;Scontro frontale/laterale SX fra veicoli in marcia;Curva a visuale libera;Una carreggiata a senso unico di marcia;Asciutto;Asfaltata;Verticale ed orizzontale;Sereno;Normale;Sufficiente;Ore Diurne;0;0;0;3;12,46403;41,91559;-1;2;Autovettura privata;In marcia / fermata / arresto;Conducente;M;Illeso;0;;;
3246425;4;31/03/2017 15:30;Strada Urbana;VIALE VAL PADANA;all'intersezione con;VIA VALLE VERMIGLIO;VIA VALLE VERMIGLIO;;;Scontro frontale/laterale SX fra veicoli in marcia;Incrocio;Due carreggiate;Asciutto;Asfaltata;Verticale ed orizzontale;Sereno;Normale;Buona;Ore Diurne;0;0;0;2;12,52353;41,94272;-1;1;Autovettura privata;In marcia / fermata / arresto;Conducente;F;Illeso;0;;Non accertato;Inesploso
3246425;4;31/03/2017 15:30;Strada Urbana;VIALE VAL PADANA;all'intersezione con;VIA VALLE VERMIGLIO;VIA VALLE VERMIGLIO;;;Scontro frontale/laterale SX fra veicoli in marcia;Incrocio;Due carreggiate;Asciutto;Asfaltata;Verticale ed orizzontale;Sereno;Normale;Buona;Ore Diurne;0;0;0;2;12,52353;41,94272;-1;2;Autovettura privata;In marcia / fermata / arresto;Conducente;F;Illeso;0;;Non accertato;Inesploso
3246460;19;31/03/2017 08:50;Strada Urbana;VIA GIUSEPPE GUICCIARDI;da specificare;;;;prossimità VIA VALLE DEI FONTANILI;Investimento di pedone;Curva a visuale libera;Una carreggiata a doppio senso;Asciutto;Asfaltata;Verticale ed orizzontale;Sereno;Normale;Buona;Ore Diurne;1;0;0;2;12,41046;41,92594;-1;;;;Pedone;F;Rimandato;0;NON DECEDUTO;;
3246460;19;31/03/2017 08:50;Strada Urbana;VIA GIUSEPPE GUICCIARDI;da specificare;;;;prossimità VIA VALLE DEI FONTANILI;Investimento di pedone;Curva a visuale libera;Una carreggiata a doppio senso;Asciutto;Asfaltata;Verticale ed orizzontale;Sereno;Normale;Buona;Ore Diurne;1;0;0;2;12,41046;41,92594;-1;1;Autovettura privata;In marcia / fermata / arresto;Conducente;M;Illeso;0;;Non accertato;Inesploso
3246460;19;31/03/2017 08:50;Strada Urbana;VIA GIUSEPPE GUICCIARDI;da specificare;;;;prossimità VIA VALLE DEI FONTANILI;Investimento di pedone;Curva a visuale libera;Una carreggiata a doppio senso;Asciutto;Asfaltata;Verticale ed orizzontale;Sereno;Normale;Buona;Ore Diurne;1;0;0;2;12,41046;41,92594;-1;1;Autovettura privata;In marcia / fermata / arresto;Passeggero;F;Illeso;0;;Non accertato;Inesploso
3246494;19;30/03/2017 06:45;Strada Urbana;VIA TRIONFALE;in corrispondenza;;del civico n.;10850;;Scontro laterale fra veicoli in marcia;Rettilineo;Una carreggiata a doppio senso;Asciutto;Asfaltata;Orizzontale;Sereno;Normale;Buona;Ore Diurne;1;0;0;3;12,41247;41,9566;-1;1;Autocarro inferiore 35 q.;In marcia / fermata / arresto;Conducente;M;Illeso;0;;Non accertato;Inesploso
3246494;19;30/03/2017 06:45;Strada Urbana;VIA TRIONFALE;in corrispondenza;;del civico n.;10850;;Scontro laterale fra veicoli in marcia;Rettilineo;Una carreggiata a doppio senso;Asciutto;Asfaltata;Orizzontale;Sereno;Normale;Buona;Ore Diurne;1;0;0;3;12,41247;41,9566;-1;2;Motociclo a solo;In marcia / fermata / arresto;Conducente;M;Ricoverato;0;NON DECEDUTO;;
3246494;19;30/03/2017 06:45;Strada Urbana;VIA TRIONFALE;in corrispondenza;;del civico n.;10850;;Scontro laterale fra veicoli in marcia;Rettilineo;Una carreggiata a doppio senso;Asciutto;Asfaltata;Orizzontale;Sereno;Normale;Buona;Ore Diurne;1;0;0;3;12,41247;41,9566;-1;3;Autocarro inferiore 35 q.;In marcia / fermata / arresto;Conducente;M;Illeso;0;;Non accertato;Inesploso
3246494;19;30/03/2017 06:45;Strada Urbana;VIA TRIONFALE;in corrispondenza;;del civico n.;10850;;Scontro laterale fra veicoli in marcia;Rettilineo;Una carreggiata a doppio senso;Asciutto;Asfaltata;Orizzontale;Sereno;Normale;Buona;Ore Diurne;1;0;0;3;12,41247;41,9566;-1;4;Autovettura privata;In marcia / fermata / arresto;Conducente;M;Illeso;0;;;
3246497;4;31/03/2017 17:15;Strada Urbana;VIALE PANTELLERIA;in prossimità;;del civico n.;38;;Scontro laterale fra veicoli in marcia;Curva a visuale libera;Due carreggiate;Asciutto;Asfaltata;Orizzontale;Sereno;Intenso;Buona;Ore Diurne;1;0;0;1;12,52918;41,945;-1;1;Autovettura privata;In marcia / fermata / arresto;Conducente;F;Illeso;0;;Non accertato;Inesploso
3246497;4;31/03/2017 17:15;Strada Urbana;VIALE PANTELLERIA;in prossimità;;del civico n.;38;;Scontro laterale fra veicoli in marcia;Curva a visuale libera;Due carreggiate;Asciutto;Asfaltata;Orizzontale;Sereno;Intenso;Buona;Ore Diurne;1;0;0;1;12,52918;41,945;-1;2;Velocipede;In marcia / fermata / arresto;Conducente;F;Rimandato;0;NON DECEDUTO;Esente;
3246521;4;31/03/2017 14:00;Strada Urbana;VIA MONTE ROCCHETTA;all'intersezione con;VIA MONTE RUGGERO;VIA MONTE RUGGERO;;;Scontro frontale/laterale DX fra veicoli in marcia;Incrocio;Una carreggiata a doppio senso;Asciutto;Asfaltata;Verticale ed orizzontale;Sereno;Scarso;Buona;Ore Diurne;1;0;0;1;12,53187;41,94763;-1;1;Autovettura privata;In marcia / fermata / arresto;Conducente;M;Illeso;0;;Non accertato;Inesploso
3246521;4;31/03/2017 14:00;Strada Urbana;VIA MONTE ROCCHETTA;all'intersezione con;VIA MONTE RUGGERO;VIA MONTE RUGGERO;;;Scontro frontale/laterale DX fra veicoli in marcia;Incrocio;Una carreggiata a doppio senso;Asciutto;Asfaltata;Verticale ed orizzontale;Sereno;Scarso;Buona;Ore Diurne;1;0;0;1;12,53187;41,94763;-1;2;Autovettura privata;In marcia / fermata / arresto;Conducente;F;Rifiuta cure immediate;0;NON DECEDUTO;Non accertato;Inesploso
3246610;16;31/03/2017 14:30;Strada Urbana;VIALE DEI QUATTRO VENTI;in prossimità;;del civico n.;92;;Investimento di pedone;Rettilineo;Una carreggiata a doppio senso;Asciutto;Asfaltata;Orizzontale;Sereno;Normale;Buona;Ore Diurne;1;0;0;1;12,45852;41,88181;-1;;;;Pedone;F;Rimandato;0;NON DECEDUTO;;
3246610;16;31/03/2017 14:30;Strada Urbana;VIALE DEI QUATTRO VENTI;in prossimità;;del civico n.;92;;Investimento di pedone;Rettilineo;Una carreggiata a doppio senso;Asciutto;Asfaltata;Orizzontale;Sereno;Normale;Buona;Ore Diurne;1;0;0;1;12,45852;41,88181;-1;1;Autovettura privata;In marcia / fermata / arresto;Conducente;M;Illeso;0;;Non accertato;Inesploso
3246643;16;31/03/2017 17:00;Strada Urbana;VIA ETTORE ROLLI;in corrispondenza;;del civico n.;49;;Scontro laterale fra veicoli in marcia;Rettilineo;Una carreggiata a doppio senso;Asciutto;Asfaltata;Orizzontale;Sereno;Normale;Buona;Ore Diurne;1;0;0;1;12,46761;41,87426;-1;1;Autocarro inferiore 35 q.;In marcia / fermata / arresto;Conducente;F;Illeso;0;;Non accertato;
3246643;16;31/03/2017 17:00;Strada Urbana;VIA ETTORE ROLLI;in corrispondenza;;del civico n.;49;;Scontro laterale fra veicoli in marcia;Rettilineo;Una carreggiata a doppio senso;Asciutto;Asfaltata;Orizzontale;Sereno;Normale;Buona;Ore Diurne;1;0;0;1;12,46761;41,87426;-1;2;Motociclo a solo;In marcia / fermata / arresto;Conducente;F;Rimandato;0;NON DECEDUTO;Non accertato;
3246722;4;31/03/2017 12:20;Strada Urbana;VIA DARIO NICCODEMI;all'intersezione con;VIA RICCARDO BACCHELLI;VIA RICCARDO BACCHELLI;;;Scontro frontale/laterale SX fra veicoli in marcia;Incrocio;Una carreggiata a doppio senso;Asciutto;Asfaltata;Verticale ed orizzontale;Sereno;Normale;Buona;Ore Diurne;1;0;0;1;12,54869;41,95483;-1;1;Autovettura pubblica;In marcia / fermata / arresto;Conducente;M;Illeso;0;;Non accertato;Inesploso
3246722;4;31/03/2017 12:20;Strada Urbana;VIA DARIO NICCODEMI;all'intersezione con;VIA RICCARDO BACCHELLI;VIA RICCARDO BACCHELLI;;;Scontro frontale/laterale SX fra veicoli in marcia;Incrocio;Una carreggiata a doppio senso;Asciutto;Asfaltata;Verticale ed orizzontale;Sereno;Normale;Buona;Ore Diurne;1;0;0;1;12,54869;41,95483;-1;2;Motociclo a solo;In marcia / fermata / arresto;Conducente;M;Rimandato;0;NON DECEDUTO;Non accertato;
3246809;4;31/03/2017 15:20;Strada Urbana;VIA DELLE ISOLE CURZOLANE;all'intersezione con;VIA MONTE EPOMEO;VIA MONTE EPOMEO;;;Tamponamento;Incrocio;Due carreggiate;Asciutto;Asfaltata;Assente;Sereno;Normale;Buona;Ore Diurne;0;0;0;3;12,53194;41,9488;-1;1;Autovettura privata;In marcia / fermata / arresto;Conducente;M;Illeso;0;;Non accertato;
3246809;4;31/03/2017 15:20;Strada Urbana;VIA DELLE ISOLE CURZOLANE;all'intersezione con;VIA MONTE EPOMEO;VIA MONTE EPOMEO;;;Tamponamento;Incrocio;Due carreggiate;Asciutto;Asfaltata;Assente;Sereno;Normale;Buona;Ore Diurne;0;0;0;3;12,53194;41,9488;-1;1;Autovettura privata;In marcia / fermata / arresto;Passeggero;M;Illeso;0;;Non accertato;
3246809;4;31/03/2017 15:20;Strada Urbana;VIA DELLE ISOLE CURZOLANE;all'intersezione con;VIA MONTE EPOMEO;VIA MONTE EPOMEO;;;Tamponamento;Incrocio;Due carreggiate;Asciutto;Asfaltata;Assente;Sereno;Normale;Buona;Ore Diurne;0;0;0;3;12,53194;41,9488;-1;2;Macchina operatrice;In marcia / fermata / arresto;Conducente;M;Illeso;0;;Non accertato;Inesploso
3247008;12;30/03/2017 19:00;Provinciale;VIA LAURENTINA;in corrispondenza;;della chilometrica;12.3;;Veicolo in marcia contro ostacolo accidentale;Rettilineo;Due carreggiate;Asciutto;Asfaltata;Verticale ed orizzontale;Sereno;Normale;Buona;Ore Diurne;2;0;0;0;12,44084;41,72465;-1;1;Autovettura di polizia;In marcia / fermata / arresto;Conducente;M;Rimandato;0;NON DECEDUTO;Esente;Inesploso
3247008;12;30/03/2017 19:00;Provinciale;VIA LAURENTINA;in corrispondenza;;della chilometrica;12.3;;Veicolo in marcia contro ostacolo accidentale;Rettilineo;Due carreggiate;Asciutto;Asfaltata;Verticale ed orizzontale;Sereno;Normale;Buona;Ore Diurne;2;0;0;0;12,44084;41,72465;-1;1;Autovettura di polizia;In marcia / fermata / arresto;Passeggero;M;Rimandato;0;NON DECEDUTO;Non accertato;Inesploso
3247060;12;31/03/2017 09:00;Regionale;VIA PONTINA;da specificare;;;;direzione ROMA sottovia G.R.A.;Tamponamento Multiplo;Rettilineo;Due carreggiate;Asciutto;Asfaltata;Verticale ed orizzontale;Sereno;Intenso;Buona;Ore Diurne;3;0;0;2;12,45798;41,80021;-1;1;Autocarro inferiore 35 q.;In marcia / fermata / arresto;Conducente;M;Illeso;0;;Non accertato;Inesploso
3247060;12;31/03/2017 09:00;Regionale;VIA PONTINA;da specificare;;;;direzione ROMA sottovia G.R.A.;Tamponamento Multiplo;Rettilineo;Due carreggiate;Asciutto;Asfaltata;Verticale ed orizzontale;Sereno;Intenso;Buona;Ore Diurne;3;0;0;2;12,45798;41,80021;-1;2;Autovettura privata;In marcia / fermata / arresto;Conducente;M;Rimandato;0;NON DECEDUTO;Non accertato;Inesploso
3247060;12;31/03/2017 09:00;Regionale;VIA PONTINA;da specificare;;;;direzione ROMA sottovia G.R.A.;Tamponamento Multiplo;Rettilineo;Due carreggiate;Asciutto;Asfaltata;Verticale ed orizzontale;Sereno;Intenso;Buona;Ore Diurne;3;0;0;2;12,45798;41,80021;-1;2;Autovettura privata;In marcia / fermata / arresto;Passeggero;F;Rimandato;0;NON DECEDUTO;Utilizzato;Inesploso
3247060;12;31/03/2017 09:00;Regionale;VIA PONTINA;da specificare;;;;direzione ROMA sottovia G.R.A.;Tamponamento Multiplo;Rettilineo;Due carreggiate;Asciutto;Asfaltata;Verticale ed orizzontale;Sereno;Intenso;Buona;Ore Diurne;3;0;0;2;12,45798;41,80021;-1;2;Autovettura privata;In marcia / fermata / arresto;Passeggero;F;Rimandato;0;NON DECEDUTO;Utilizzato;Inesploso
3247060;12;31/03/2017 09:00;Regionale;VIA PONTINA;da specificare;;;;direzione ROMA sottovia G.R.A.;Tamponamento Multiplo;Rettilineo;Due carreggiate;Asciutto;Asfaltata;Verticale ed orizzontale;Sereno;Intenso;Buona;Ore Diurne;3;0;0;2;12,45798;41,80021;-1;3;Autovettura privata;In marcia / fermata / arresto;Conducente;M;Illeso;0;;Non accertato;Inesploso
3247082;3;31/03/2017 07:30;Strada Urbana;LARGO ETTORE DE RUGGIERO;in prossimità;;del civico n.;16;;Veicolo in marcia contro veicolo in sosta;Rettilineo;Una carreggiata a doppio senso;Asciutto;Asfaltata;Verticale ed orizzontale;Sereno;Scarso;Buona;Ore Diurne;0;0;0;2;12,51938;41,92099;-1;1;Autovettura privata;In marcia / fermata / arresto;Conducente;M;Illeso;0;;Non accertato;
3247082;3;31/03/2017 07:30;Strada Urbana;LARGO ETTORE DE RUGGIERO;in prossimità;;del civico n.;16;;Veicolo in marcia contro veicolo in sosta;Rettilineo;Una carreggiata a doppio senso;Asciutto;Asfaltata;Verticale ed orizzontale;Sereno;Scarso;Buona;Ore Diurne;0;0;0;2;12,51938;41,92099;-1;1;Autovettura privata;In marcia / fermata / arresto;Passeggero;F;Illeso;0;;Non accertato;
3247095;6;30/03/2017 18:30;Strada Urbana;VIA PRENESTINA;da specificare;;;;altezza Tangenziale est;Infortunio per caduta del veicolo;Rettilineo;Una carreggiata a senso unico di marcia;Asciutto;Asfaltata;Orizzontale;Sereno;Normale;Buona;Ore Diurne;1;0;0;0;12,51826;41,8917;-1;1;Motociclo a solo;In marcia / fermata / arresto;Conducente;M;Rimandato;0;NON DECEDUTO;Non accertato;
3247111;3;31/03/2017 17:10;Strada Urbana;VIA TIBURTINA;da specificare;;;;dir.ne Piazzale del Verano pross.C. Laurenziano;Investimento di pedone;Rettilineo;Più di due carreggiate;Asciutto;Asfaltata;Verticale;Sereno;Normale;Buona;Ore Diurne;2;0;0;0;12,57325;41,92524;-1;;;;Pedone;M;Rimandato;0;NON DECEDUTO;;
3247111;3;31/03/2017 17:10;Strada Urbana;VIA TIBURTINA;da specificare;;;;dir.ne Piazzale del Verano pross.C. Laurenziano;Investimento di pedone;Rettilineo;Più di due carreggiate;Asciutto;Asfaltata;Verticale;Sereno;Normale;Buona;Ore Diurne;2;0;0;0;12,57325;41,92524;-1;1;Motociclo a solo;In marcia / fermata / arresto;Conducente;M;Rimandato;0;NON DECEDUTO;Non accertato;
3247155;12;31/03/2017 10:00;Provinciale;VIA LAURENTINA;da specificare;;;;direzione Pomezia rotatoria altezza Via Vallerano;Scontro laterale fra veicoli in marcia;Rotatoria;Una carreggiata a senso unico di marcia;Asciutto;Asfaltata;Verticale ed orizzontale;Sereno;Normale;Buona;Ore Diurne;0;0;0;2;12,50882;41,72747;-1;1;Autocarro superiore 35 q.;In marcia / fermata / arresto;Conducente;M;Illeso;0;;Utilizzato;Inesploso
3247155;12;31/03/2017 10:00;Provinciale;VIA LAURENTINA;da specificare;;;;direzione Pomezia rotatoria altezza Via Vallerano;Scontro laterale fra veicoli in marcia;Rotatoria;Una carreggiata a senso unico di marcia;Asciutto;Asfaltata;Verticale ed orizzontale;Sereno;Normale;Buona;Ore Diurne;0;0;0;2;12,50882;41,72747;-1;2;Autocarro superiore 35 q.;In marcia / fermata / arresto;Conducente;M;Illeso;0;;Non accertato;Inesploso
3247193;12;31/03/2017 10:45;Strada Urbana;VIA PARIDE STEFANINI;all'intersezione con;VIA CRISTOFORO COLOMBO;VIA CRISTOFORO COLOMBO;;;Veicolo in marcia contro ostacolo fisso;Incrocio;Due carreggiate;Asciutto;Asfaltata;Verticale ed orizzontale;Sereno;Scarso;Buona;Ore Diurne;2;0;0;0;12,45834;41,81551;-1;1;Autovettura privata;In marcia / fermata / arresto;Conducente;M;Rimandato;0;NON DECEDUTO;Non accertato;Esploso
3247193;12;31/03/2017 10:45;Strada Urbana;VIA PARIDE STEFANINI;all'intersezione con;VIA CRISTOFORO COLOMBO;VIA CRISTOFORO COLOMBO;;;Veicolo in marcia contro ostacolo fisso;Incrocio;Due carreggiate;Asciutto;Asfaltata;Verticale ed orizzontale;Sereno;Scarso;Buona;Ore Diurne;2;0;0;0;12,45834;41,81551;-1;1;Autovettura privata;In marcia / fermata / arresto;Passeggero;M;Rimandato;0;NON DECEDUTO;Non accertato;Inesploso
3247218;12;31/03/2017 13:45;Strada Urbana;VIALE AMERICA;in corrispondenza;;del civico n.;111;;Scontro frontale fra veicoli in marcia;Rettilineo;Una carreggiata a doppio senso;Asciutto;Asfaltata;Verticale ed orizzontale;Sereno;Normale;Buona;Ore Diurne;1;0;0;1;12,46355;41,83119;-1;1;Autovettura privata;In marcia / fermata / arresto;Conducente;M;Illeso;0;;Non accertato;Esploso
3247218;12;31/03/2017 13:45;Strada Urbana;VIALE AMERICA;in corrispondenza;;del civico n.;111;;Scontro frontale fra veicoli in marcia;Rettilineo;Una carreggiata a doppio senso;Asciutto;Asfaltata;Verticale ed orizzontale;Sereno;Normale;Buona;Ore Diurne;1;0;0;1;12,46355;41,83119;-1;2;Motociclo a solo;In marcia / fermata / arresto;Conducente;M;Rimandato;0;NON DECEDUTO;Non accertato;
3247318;12;31/03/2017 15:10;Strada Urbana;VIA CRISTOFORO COLOMBO;da specificare;;;;direzione Roma sottovia Viale Marconi;Veicolo in marcia contro ostacolo accidentale;Rettilineo;Una carreggiata a senso unico di marcia;Asciutto;Asfaltata;Orizzontale;Sereno;Normale;Buona;Ore Diurne;0;0;0;1;12,49637;41,87316;-1;1;Autovettura pubblica;In marcia / fermata / arresto;Conducente;M;Illeso;0;;Non accertato;Inesploso
3247351;12;31/03/2017 17:35;Strada Urbana;VIALE DELLA TECNICA;all'intersezione con;VIALE DEL CICLISMO;VIALE DEL CICLISMO;;;Scontro frontale/laterale SX fra veicoli in marcia;Incrocio;Una carreggiata a doppio senso;Asciutto;Asfaltata;Verticale ed orizzontale;Sereno;Normale;Buona;Ore Diurne;0;0;0;2;12,45869;41,82617;-1;1;Autovettura privata;In marcia / fermata / arresto;Conducente;M;Illeso;0;;Non accertato;Inesploso
3247351;12;31/03/2017 17:35;Strada Urbana;VIALE DELLA TECNICA;all'intersezione con;VIALE DEL CICLISMO;VIALE DEL CICLISMO;;;Scontro frontale/laterale SX fra veicoli in marcia;Incrocio;Una carreggiata a doppio senso;Asciutto;Asfaltata;Verticale ed orizzontale;Sereno;Normale;Buona;Ore Diurne;0;0;0;2;12,45869;41,82617;-1;2;Autovettura privata;In marcia / fermata / arresto;Conducente;F;Illeso;0;;Non accertato;Esploso
3247380;12;31/03/2017 21:33;Strada Urbana;VIALE DELL'OCEANO ATLANTICO;all'intersezione con;VIALE CESARE PAVESE;VIALE CESARE PAVESE;;;Scontro frontale/laterale SX fra veicoli in marcia;Intersezione semaforizzata;Una carreggiata a senso unico di marcia;Asciutto;Asfaltata;Verticale ed orizzontale;Sereno;Normale;Buona;Sufficiente;0;0;0;6;12,4714;41,8201;-1;1;Autovettura privata;In marcia / fermata / arresto;Conducente;F;Illeso;0;;Non accertato;Inesploso
3247380;12;31/03/2017 21:33;Strada Urbana;VIALE DELL'OCEANO ATLANTICO;all'intersezione con;VIALE CESARE PAVESE;VIALE CESARE PAVESE;;;Scontro frontale/laterale SX fra veicoli in marcia;Intersezione semaforizzata;Una carreggiata a senso unico di marcia;Asciutto;Asfaltata;Verticale ed orizzontale;Sereno;Normale;Buona;Sufficiente;0;0;0;6;12,4714;41,8201;-1;2;Autovettura privata;In marcia / fermata / arresto;Conducente;M;Illeso;0;;Non accertato;Inesploso
3247380;12;31/03/2017 21:33;Strada Urbana;VIALE DELL'OCEANO ATLANTICO;all'intersezione con;VIALE CESARE PAVESE;VIALE CESARE PAVESE;;;Scontro frontale/laterale SX fra veicoli in marcia;Intersezione semaforizzata;Una carreggiata a senso unico di marcia;Asciutto;Asfaltata;Verticale ed orizzontale;Sereno;Normale;Buona;Sufficiente;0;0;0;6;12,4714;41,8201;-1;2;Autovettura privata;In marcia / fermata / arresto;Passeggero;M;Illeso;0;;Utilizzato;Inesploso
3247380;12;31/03/2017 21:33;Strada Urbana;VIALE DELL'OCEANO ATLANTICO;all'intersezione con;VIALE CESARE PAVESE;VIALE CESARE PAVESE;;;Scontro frontale/laterale SX fra veicoli in marcia;Intersezione semaforizzata;Una carreggiata a senso unico di marcia;Asciutto;Asfaltata;Verticale ed orizzontale;Sereno;Normale;Buona;Sufficiente;0;0;0;6;12,4714;41,8201;-1;2;Autovettura privata;In marcia / fermata / arresto;Passeggero;M;Illeso;0;;Utilizzato;Inesploso
3247380;12;31/03/2017 21:33;Strada Urbana;VIALE DELL'OCEANO ATLANTICO;all'intersezione con;VIALE CESARE PAVESE;VIALE CESARE PAVESE;;;Scontro frontale/laterale SX fra veicoli in marcia;Intersezione semaforizzata;Una carreggiata a senso unico di marcia;Asciutto;Asfaltata;Verticale ed orizzontale;Sereno;Normale;Buona;Sufficiente;0;0;0;6;12,4714;41,8201;-1;2;Autovettura privata;In marcia / fermata / arresto;Passeggero;M;Illeso;0;;Utilizzato;Inesploso
3247380;12;31/03/2017 21:33;Strada Urbana;VIALE DELL'OCEANO ATLANTICO;all'intersezione con;VIALE CESARE PAVESE;VIALE CESARE PAVESE;;;Scontro frontale/laterale SX fra veicoli in marcia;Intersezione semaforizzata;Una carreggiata a senso unico di marcia;Asciutto;Asfaltata;Verticale ed orizzontale;Sereno;Normale;Buona;Sufficiente;0;0;0;6;12,4714;41,8201;-1;2;Autovettura privata;In marcia / fermata / arresto;Passeggero;M;Illeso;0;;Utilizzato;Inesploso
3247505;16;31/03/2017 18:25;Strada Urbana;VIA AURELIA ANTICA;all'intersezione con;VIA GIUSEPPE SPINA;VIA GIUSEPPE SPINA;;;Scontro frontale/laterale DX fra veicoli in marcia;Incrocio;Una carreggiata a doppio senso;Asciutto;Asfaltata;Verticale ed orizzontale;Sereno;Normale;Buona;Ore Diurne;0;0;0;2;12,4425;41,8889;-1;1;Autovettura privata;In marcia / fermata / arresto;Conducente;M;Illeso;0;;Non accertato;Inesploso
3247505;16;31/03/2017 18:25;Strada Urbana;VIA AURELIA ANTICA;all'intersezione con;VIA GIUSEPPE SPINA;VIA GIUSEPPE SPINA;;;Scontro frontale/laterale DX fra veicoli in marcia;Incrocio;Una carreggiata a doppio senso;Asciutto;Asfaltata;Verticale ed orizzontale;Sereno;Normale;Buona;Ore Diurne;0;0;0;2;12,4425;41,8889;-1;2;Autovettura privata;In marcia / fermata / arresto;Conducente;F;Illeso;0;;Non accertato;Inesploso
3250019;9;30/03/2017 23:25;Strada Urbana;VIA CENEDA;da specificare;;;;PROSS. 3;Scontro laterale fra veicoli in marcia;Rettilineo;Una carreggiata a senso unico di marcia;Asciutto;Asfaltata;Verticale ed orizzontale;Sereno;Normale;Buona;Sufficiente;0;0;0;1;12,51239;41,8803;-1;2;Autovettura privata;In marcia / fermata / arresto;Conducente;M;Illeso;0;;;
3252208;12;27/03/2017 15:30;Regionale;VIA PONTINA;da specificare;;;;"dir. Roma dopo ristorante ""La Ventola""";Tamponamento;Rettilineo;Due carreggiate;Asciutto;Asfaltata;Verticale ed orizzontale;Sereno;Normale;Buona;Ore Diurne;0;0;0;2;12,4772;41,82682;-1;1;Autovettura privata;In marcia / fermata / arresto;Conducente;M;Illeso;0;;Utilizzato;Inesploso
3252208;12;27/03/2017 15:30;Regionale;VIA PONTINA;da specificare;;;;"dir. Roma dopo ristorante ""La Ventola""";Tamponamento;Rettilineo;Due carreggiate;Asciutto;Asfaltata;Verticale ed orizzontale;Sereno;Normale;Buona;Ore Diurne;0;0;0;2;12,4772;41,82682;-1;2;Autovettura privata;In marcia / fermata / arresto;Conducente;M;Illeso;0;;Utilizzato;Inesploso
3257292;7;31/03/2017 06:30;Strada Urbana;VIA COLLATINA;in corrispondenza;;del civico n.;351;;Scontro frontale/laterale DX fra veicoli in marcia;Rettilineo;Una carreggiata a doppio senso;Asciutto;Asfaltata;Verticale ed orizzontale;Sereno;Normale;Buona;Ore Diurne;1;0;0;0;12,59877;41,90502;-1;1;Motociclo a solo;In marcia / fermata / arresto;Conducente;M;Rimandato;0;NON DECEDUTO;Non accertato;
3290261;13;23/03/2017 19:30;Regionale entro l'abitato;VIA ANTONIO CRIMINALI;da specificare;;;;fronte Banca Popolare di Milano;Veicolo in marcia contro veicolo fermo;Curva a visuale libera;Due carreggiate;;Fondo naturale;Temporanea di cantiere;Vento forte;Intenso;Insufficiente;Inesistente;1;0;0;2;12,34166;41,7772;-1;;;;Pedone;F;Rimandato;0;NON DECEDUTO;;
3290261;13;23/03/2017 19:30;Regionale entro l'abitato;VIA ANTONIO CRIMINALI;da specificare;;;;fronte Banca Popolare di Milano;Veicolo in marcia contro veicolo fermo;Curva a visuale libera;Due carreggiate;;Fondo naturale;Temporanea di cantiere;Vento forte;Intenso;Insufficiente;Inesistente;1;0;0;2;12,34166;41,7772;-1;1;Autovettura privata;In marcia / fermata / arresto;Conducente;M;Illeso;0;;;
3290261;13;23/03/2017 19:30;Regionale entro l'abitato;VIA ANTONIO CRIMINALI;da specificare;;;;fronte Banca Popolare di Milano;Veicolo in marcia contro veicolo fermo;Curva a visuale libera;Due carreggiate;;Fondo naturale;Temporanea di cantiere;Vento forte;Intenso;Insufficiente;Inesistente;1;0;0;2;12,34166;41,7772;-1;2;Autovettura privata;In marcia / fermata / arresto;Conducente;M;Illeso;0;;Non accertato;Inesploso